SeniorCitizen,tenure,PhoneService,OnlineSecurity,OnlineBackup,DeviceProtection,TechSupport,StreamingTV,StreamingMovies,MonthlyCharges,TotalCharges,TotalServices,ChargeRatio,gender_Male,Partner_Yes,Dependents_Yes,MultipleLines_No phone service,MultipleLines_Yes,InternetService_Fiber optic,InternetService_No,Contract_One year,Contract_Two year,PaperlessBilling_Yes,PaymentMethod_Credit card (automatic),PaymentMethod_Electronic check,PaymentMethod_Mailed check,TenureGroup_1-2 Years,TenureGroup_2-4 Years,TenureGroup_4+ Years,ActualChurn,PredictedChurn,ChurnProbability
1,7,1,0,0,0,0,0,0,74.85,485.25,1,9.35625,True,True,False,False,True,True,False,False,False,True,False,True,False,False,False,False,0,1,0.91363037
1,19,1,0,0,1,0,1,1,95.9,1777.9,4,4.795,True,False,False,False,False,True,False,False,False,True,True,False,False,True,False,False,1,0,0.26763448
0,1,1,0,0,0,0,0,0,45.95,45.95,1,22.975,False,False,True,False,False,False,False,False,False,False,False,False,True,False,False,False,1,1,0.5487064
0,36,1,1,1,1,1,1,1,85.85,3003.55,7,2.32027027027027,False,False,False,False,False,False,False,True,False,False,False,False,False,False,True,False,0,0,0.01824471
0,70,1,1,1,1,1,0,1,74.1,5222.3,6,1.0436619718309859,False,True,True,False,False,False,False,True,False,False,True,False,False,False,False,True,0,0,0.065317646
1,40,1,0,0,1,1,1,1,103.75,4188.4,5,2.5304878048780486,False,False,False,False,True,True,False,True,False,True,True,False,False,False,True,False,0,0,0.23629306
0,4,1,0,0,0,0,0,0,20.45,82.85,1,4.09,False,False,False,False,False,False,True,False,False,False,True,False,False,False,False,False,0,0,0.038846992
0,1,1,0,0,0,0,1,1,93.3,93.3,3,46.65,True,False,True,False,True,True,False,False,False,True,False,True,False,False,False,False,1,1,0.982502
0,24,1,0,0,0,0,0,0,20.75,487.05,1,0.83,True,False,False,False,False,False,True,False,True,False,False,False,True,True,False,False,0,0,0.0032267587
0,45,1,1,1,0,1,1,0,73.85,3371.0,5,1.6054347826086954,True,True,True,False,True,False,False,False,True,False,True,False,False,False,True,False,0,0,0.00370236
1,8,1,0,0,1,1,0,1,64.4,581.7,4,7.155555555555556,True,True,False,False,False,False,False,False,False,True,True,False,False,False,False,False,0,0,0.07788444
0,11,1,0,0,1,0,0,0,72.9,818.45,2,6.075,True,False,False,False,False,True,False,False,False,False,False,True,False,False,False,False,0,0,0.3356631
0,6,1,0,0,0,1,0,0,49.65,267.35,2,7.0928571428571425,False,False,False,False,False,False,False,False,False,True,False,False,False,False,False,False,1,0,0.3272806
0,1,1,0,0,0,0,0,0,19.85,19.85,1,9.925,True,True,True,False,False,False,True,True,False,False,True,False,False,False,False,False,0,0,0.16210318
0,33,1,0,1,1,0,0,0,79.0,2576.8,3,2.323529411764706,True,False,False,False,False,True,False,False,False,True,True,False,False,False,True,False,0,0,0.4752533
0,41,1,0,1,0,0,1,0,88.5,3645.05,3,2.107142857142857,False,False,True,False,True,True,False,False,False,True,False,False,False,False,True,False,0,0,0.3236929
0,69,1,0,0,0,0,0,0,19.1,1268.85,1,0.27285714285714285,True,False,False,False,False,False,True,False,True,True,False,False,True,False,False,True,0,0,0.009441764
0,22,1,0,1,1,0,1,1,100.05,2090.25,5,4.35,True,True,True,False,False,True,False,True,False,True,False,False,True,True,False,False,0,0,0.39186364
0,68,1,1,1,1,1,1,1,92.2,6392.85,7,1.336231884057971,True,True,True,False,True,False,False,False,True,True,True,False,False,False,False,True,0,0,0.055204533
0,1,1,0,0,0,0,0,0,19.5,19.5,1,9.75,False,False,False,False,False,False,True,False,False,False,False,False,True,False,False,False,0,0,0.3548409
0,32,1,0,0,0,0,0,0,19.8,607.7,1,0.6,True,False,False,False,False,False,True,True,False,False,False,False,True,False,True,False,0,0,0.004144191
0,40,1,0,0,1,1,1,1,105.95,4335.2,5,2.5841463414634145,False,False,False,False,True,True,False,True,False,True,True,False,False,False,True,False,0,1,0.5560509
1,8,1,0,1,0,0,0,0,80.65,633.3,2,8.961111111111112,False,True,False,False,True,True,False,False,False,True,True,False,False,False,False,False,1,1,0.88419706
1,16,1,0,0,0,0,0,0,74.45,1261.35,1,4.379411764705883,True,False,False,False,True,True,False,False,False,True,False,False,False,True,False,False,0,1,0.75705945
0,56,1,0,1,1,1,0,0,85.85,4793.8,4,1.506140350877193,True,True,True,False,False,True,False,True,False,True,False,False,True,False,False,True,0,0,0.09826736
0,2,1,0,0,0,0,0,0,45.0,89.75,1,15.0,False,True,False,False,False,False,False,False,False,True,False,True,False,False,False,False,0,0,0.3432061
0,3,1,0,0,0,1,0,1,60.65,196.9,3,15.1625,True,False,False,False,False,False,False,False,False,False,False,False,True,False,False,False,0,0,0.113376126
0,57,1,0,1,1,0,1,1,104.5,5921.35,5,1.8017241379310345,False,True,False,False,True,True,False,False,False,True,True,False,False,False,False,True,1,0,0.30166724
0,5,1,0,0,0,1,0,1,85.4,425.9,3,14.233333333333334,False,False,False,False,False,True,False,False,False,True,True,False,False,False,False,False,1,0,0.44355157
0,11,1,0,0,0,0,0,0,19.25,180.3,1,1.6041666666666667,False,True,True,False,False,False,True,False,False,True,False,False,True,False,False,False,1,0,0.39878482
0,27,1,0,0,0,0,0,0,20.3,595.05,1,0.725,True,False,False,False,False,False,True,True,False,False,False,False,True,False,True,False,0,0,0.008810738
0,67,1,0,0,0,0,0,0,25.25,1733.15,1,0.3713235294117647,False,True,False,False,True,False,True,False,True,True,True,False,False,False,False,True,0,0,0.00038354384
0,72,1,0,0,0,0,0,1,84.5,6130.85,2,1.1575342465753424,True,True,True,False,True,True,False,False,True,True,True,False,False,False,False,True,0,0,0.041940562
0,13,1,0,0,0,0,0,0,75.0,999.45,1,5.357142857142857,False,False,False,False,True,True,False,False,False,True,False,False,True,True,False,False,1,0,0.4726121
0,4,1,0,0,0,0,0,0,50.4,206.6,1,10.08,True,False,False,False,True,False,False,False,False,False,False,False,True,False,False,False,1,1,0.5716233
0,7,1,0,0,0,0,0,0,19.95,147.5,1,2.49375,True,False,False,False,False,False,True,False,False,True,False,False,True,False,False,False,0,0,0.07636124
0,15,1,0,0,0,0,0,0,19.65,332.65,1,1.228125,True,True,True,False,False,False,True,True,False,False,False,False,True,True,False,False,0,0,0.021580067
0,32,1,1,1,0,1,0,0,61.4,1864.65,4,1.8606060606060606,False,True,True,False,False,False,False,False,False,False,False,False,False,False,True,False,0,0,0.09281495
0,26,1,0,0,0,0,0,0,49.5,1265.65,1,1.8333333333333333,False,False,True,False,True,False,False,False,False,True,False,False,True,False,True,False,0,0,0.043891978
1,32,1,0,0,0,0,0,0,19.8,587.7,1,0.6,True,False,False,False,False,False,True,True,False,False,True,False,False,False,True,False,0,0,0.0044236314
0,2,1,0,0,1,1,0,1,90.0,190.05,4,30.0,True,True,True,False,False,True,False,False,False,False,True,False,False,False,False,False,1,0,0.37563285
0,9,0,0,0,0,1,1,0,40.65,328.95,2,4.0649999999999995,True,True,False,True,False,False,False,False,False,False,False,False,True,False,False,False,1,0,0.17188035
0,10,1,0,0,1,0,1,0,60.2,563.5,3,5.472727272727273,True,True,True,False,False,False,False,False,False,False,False,False,True,False,False,False,0,0,0.20572528
0,72,1,1,1,1,1,1,1,115.55,8312.4,7,1.582876712328767,False,True,False,False,True,True,False,False,True,True,True,False,False,False,False,True,0,0,0.003270297
0,22,1,0,0,0,0,0,0,19.05,454.05,1,0.8282608695652174,False,True,True,False,False,False,True,False,False,False,False,False,False,True,False,False,0,0,0.014304016
0,11,1,0,0,0,0,0,0,20.0,211.95,1,1.6666666666666667,False,False,False,False,False,False,True,True,False,False,False,False,True,False,False,False,0,0,0.110163584
0,53,1,1,0,1,0,1,1,106.95,5785.5,5,1.9805555555555556,False,False,False,False,True,True,False,True,False,True,True,False,False,False,False,True,1,1,0.64789796
0,7,1,1,1,1,0,0,0,61.4,438.9,4,7.675,False,False,False,False,False,False,False,False,False,False,False,True,False,False,False,False,0,0,0.022727283
0,19,1,0,1,0,1,0,1,65.35,1231.85,4,3.2674999999999996,True,False,False,False,False,False,False,True,False,True,False,False,False,True,False,False,0,0,0.037759025
1,17,1,0,0,0,0,0,0,45.05,770.6,1,2.5027777777777778,True,False,False,False,False,False,False,False,False,True,False,True,False,True,False,False,1,1,0.59200203
0,5,1,1,0,0,0,0,0,53.8,283.95,2,8.966666666666667,False,False,False,False,True,False,False,False,False,True,False,True,False,False,False,False,0,0,0.27516997
0,8,1,0,0,0,0,1,1,95.65,778.1,3,10.627777777777778,False,False,False,False,True,True,False,False,False,False,False,False,False,False,False,False,1,1,0.8758844
1,72,1,1,1,1,1,1,1,117.35,8436.25,7,1.6075342465753424,False,False,False,False,True,True,False,False,True,True,True,False,False,False,False,True,0,0,0.005280941
0,7,1,0,0,0,0,0,0,69.9,497.3,1,8.7375,False,False,False,False,False,True,False,False,False,True,False,False,True,False,False,False,0,1,0.55596066
0,25,1,0,0,0,0,0,0,19.05,461.3,1,0.7326923076923078,False,False,False,False,False,False,True,False,False,False,False,False,True,False,True,False,0,0,0.02162776
0,4,1,0,1,0,0,0,1,88.95,355.2,3,17.79,False,False,False,False,True,True,False,False,False,True,False,True,False,False,False,False,1,1,0.91445065
1,29,1,0,1,1,0,0,1,95.9,2745.2,4,3.1966666666666668,True,True,False,False,True,True,False,False,False,True,False,True,False,False,True,False,1,1,0.7622715
0,64,1,0,0,0,0,0,0,19.45,1225.65,1,0.29923076923076924,False,True,False,False,False,False,True,False,True,False,True,False,False,False,False,True,0,0,0.0011952143
0,18,1,0,0,0,0,0,0,74.15,1387.0,1,3.9026315789473687,True,False,False,False,True,True,False,False,False,False,False,False,True,True,False,False,0,0,0.2807612
0,69,1,0,0,0,0,0,0,19.9,1363.45,1,0.28428571428571425,True,True,False,False,False,False,True,False,True,False,False,False,True,False,False,True,0,0,0.00035924927
0,72,1,0,0,0,0,0,0,23.75,1679.25,1,0.3253424657534247,False,True,True,False,True,False,True,False,True,False,False,False,False,False,False,True,0,0,0.00072267244
0,27,1,0,1,0,1,0,0,56.15,1439.35,3,2.0053571428571426,False,False,False,False,False,False,False,False,False,True,False,False,True,False,True,False,0,0,0.098295145
0,32,1,0,0,1,0,0,1,91.05,2954.5,3,2.759090909090909,False,True,True,False,True,True,False,False,False,True,False,False,False,False,True,False,1,1,0.53364253
0,2,1,0,1,0,0,0,0,49.05,91.1,2,16.349999999999998,False,False,False,False,False,False,False,False,False,True,True,False,False,False,False,False,1,1,0.5088633
1,56,1,1,1,1,1,0,0,95.65,5471.75,5,1.6780701754385965,False,True,False,False,True,True,False,True,False,False,False,True,False,False,False,True,0,1,0.5329296
1,30,1,0,0,0,1,1,1,101.3,2974.5,4,3.267741935483871,False,False,True,False,True,True,False,False,False,True,False,True,False,False,True,False,0,1,0.72595674
0,72,1,1,1,1,1,0,1,104.9,7732.65,6,1.4369863013698632,True,True,True,False,True,True,False,False,True,True,True,False,False,False,False,True,0,0,0.007725699
0,1,1,0,1,0,0,0,0,49.9,49.9,2,24.95,True,False,True,False,False,False,False,False,False,True,False,True,False,False,False,False,0,1,0.7259347
0,58,1,1,1,0,1,1,1,109.1,6393.65,6,1.8491525423728812,False,True,False,False,True,True,False,False,True,True,True,False,False,False,False,True,0,0,0.49078378
0,68,1,1,1,1,1,1,1,114.9,7843.55,7,1.665217391304348,False,True,False,False,True,True,False,False,True,False,False,False,False,False,False,True,0,0,0.27172723
0,54,1,0,1,0,1,0,0,79.95,4362.05,3,1.4536363636363636,True,True,True,False,False,True,False,False,True,True,False,False,False,False,False,True,0,0,0.051928047
0,28,1,0,0,0,0,0,1,81.05,2227.1,2,2.7948275862068965,False,True,True,False,False,True,False,False,False,True,False,True,False,False,True,False,1,0,0.37458324
0,59,1,1,1,1,1,1,1,113.75,6561.25,7,1.8958333333333333,True,True,False,False,True,True,False,False,True,False,False,True,False,False,False,True,0,0,0.195914
0,68,1,1,1,1,1,0,1,78.45,5333.35,6,1.1369565217391304,False,True,True,False,True,False,False,True,False,True,False,True,False,False,False,True,0,0,0.34708333
0,21,0,1,0,0,0,0,0,28.5,629.35,1,1.2954545454545454,False,True,False,True,False,False,False,False,False,False,False,True,False,True,False,False,0,0,0.27589878
0,35,0,0,0,0,1,1,0,40.9,1383.6,2,1.136111111111111,False,True,True,True,False,False,False,True,False,False,False,False,True,False,True,False,0,0,0.013055269
1,70,1,0,1,1,1,1,1,107.9,7475.85,6,1.519718309859155,False,True,True,False,True,True,False,True,False,True,False,True,False,False,False,True,0,0,0.04808575
0,6,1,0,0,0,0,0,0,75.5,438.0,1,10.785714285714286,True,True,False,False,True,True,False,False,False,True,False,True,False,False,False,False,1,1,0.9786476
0,56,1,1,1,1,0,1,1,109.8,6109.65,6,1.9263157894736842,False,True,False,False,True,True,False,True,False,False,False,False,False,False,False,True,0,0,0.23502979
0,3,1,0,1,1,1,1,1,107.95,318.6,6,26.9875,True,False,False,False,False,True,False,False,False,True,False,True,False,False,False,False,0,1,0.77889884
0,1,1,0,0,0,0,0,0,45.85,45.85,1,22.925,True,False,False,False,False,False,False,False,False,True,False,False,True,False,False,False,1,1,0.8100846
1,20,1,0,0,0,0,0,1,85.8,1727.5,2,4.085714285714285,False,False,False,False,True,True,False,False,False,True,True,False,False,True,False,False,1,1,0.67682683
0,52,1,0,0,0,0,0,0,25.6,1334.5,1,0.4830188679245283,True,False,True,False,True,False,True,False,True,False,True,False,False,False,False,True,0,0,0.001783061
1,46,1,0,0,0,0,0,1,80.4,3605.2,2,1.7106382978723405,True,True,False,False,False,True,False,False,False,True,False,True,False,False,True,False,1,0,0.28048944
0,9,0,0,0,0,0,1,1,45.4,418.8,2,4.54,True,False,False,True,False,False,False,False,False,True,False,True,False,False,False,False,1,1,0.90167964
0,68,1,1,1,0,1,1,1,107.7,7320.9,6,1.5608695652173914,True,True,False,False,True,True,False,False,False,True,False,True,False,False,False,True,0,0,0.06553213
1,2,1,0,0,0,0,0,0,43.95,85.1,1,14.65,False,False,False,False,False,False,False,False,False,False,False,True,False,False,False,False,0,0,0.26148424
1,53,1,0,1,1,1,1,0,94.0,4871.45,5,1.7407407407407407,False,True,False,False,False,True,False,True,False,True,False,True,False,False,False,True,0,0,0.1909457
0,67,1,0,1,1,1,1,1,112.35,7388.45,6,1.652205882352941,False,True,True,False,True,True,False,True,False,True,True,False,False,False,False,True,0,0,0.028162593
0,1,1,0,0,0,0,1,1,89.55,89.55,3,44.775,True,False,False,False,False,True,False,False,False,True,False,True,False,False,False,False,1,1,0.87849754
0,10,0,1,1,0,1,0,0,40.25,411.45,3,3.659090909090909,False,False,True,True,False,False,False,True,False,False,False,False,True,False,False,False,0,0,0.004259569
1,8,1,0,0,0,0,0,0,19.65,164.3,1,2.183333333333333,False,False,False,False,False,False,True,False,False,False,False,True,False,False,False,False,1,0,0.0686615
1,57,1,1,0,0,1,0,1,93.75,5625.55,4,1.6163793103448276,True,False,False,False,True,True,False,False,True,False,False,True,False,False,False,True,0,0,0.4544843
1,72,1,1,1,1,1,1,1,114.95,8196.4,7,1.5746575342465754,True,True,True,False,True,True,False,False,True,True,False,False,False,False,False,True,0,0,0.004150199
0,68,1,1,1,1,0,0,1,76.9,5023.0,5,1.1144927536231886,True,False,False,False,True,False,False,True,False,True,True,False,False,False,False,True,0,0,0.11302205
0,50,0,1,0,0,0,1,0,39.45,2021.35,2,0.7735294117647059,True,True,True,True,False,False,False,False,False,True,True,False,False,False,False,True,0,0,0.0071837413
0,71,1,1,1,1,1,0,1,80.6,5708.2,6,1.1194444444444445,True,False,False,False,True,False,False,False,True,False,False,False,False,False,False,True,0,0,0.00049564196
0,1,1,0,0,1,1,1,1,74.1,74.1,5,37.05,False,False,False,False,False,False,False,True,False,False,True,False,False,False,False,False,0,0,0.30083066
0,32,1,0,0,0,0,1,0,84.05,2781.85,2,2.546969696969697,False,False,False,False,True,True,False,True,False,False,False,True,False,False,True,False,1,0,0.17940211
0,1,1,0,0,0,0,0,0,19.5,19.5,1,9.75,False,False,False,False,False,False,True,False,False,False,False,False,True,False,False,False,1,0,0.3548409
0,46,1,1,0,0,0,0,0,55.0,2473.95,2,1.1702127659574468,False,True,False,False,True,False,False,False,False,False,False,False,False,False,True,False,0,0,0.47750568
0,68,1,0,1,1,0,0,0,86.45,5762.95,3,1.2528985507246377,False,True,False,False,True,True,False,True,False,False,True,False,False,False,False,True,0,0,0.03504175
0,25,1,0,0,0,0,0,0,19.9,527.5,1,0.7653846153846153,False,False,False,False,False,False,True,True,False,False,True,False,False,False,True,False,0,0,0.00702953
0,1,0,0,0,0,1,0,0,30.55,30.55,1,15.275,False,False,False,True,False,False,False,False,False,False,False,False,True,False,False,False,0,0,0.2806622
0,42,1,0,0,0,0,0,0,20.7,828.85,1,0.4813953488372093,True,True,True,False,False,False,True,False,True,False,False,False,True,False,True,False,0,0,0.00091117143
0,1,1,0,0,0,0,0,0,19.3,19.3,1,9.65,False,False,False,False,False,False,True,False,False,False,False,True,False,False,False,False,1,0,0.08841259
1,50,1,1,1,0,0,1,0,70.35,3454.6,4,1.3794117647058823,True,False,False,False,True,False,False,False,False,True,False,False,False,False,False,True,0,0,0.009001676
0,72,1,0,1,1,1,1,1,108.4,7719.5,6,1.4849315068493152,True,True,False,False,True,True,False,False,True,True,False,True,False,False,False,True,0,0,0.09230713
0,1,0,0,0,0,0,0,0,25.2,25.2,0,12.6,False,False,False,True,False,False,False,False,False,False,False,False,True,False,False,False,1,0,0.15491563
1,55,1,0,0,1,1,1,0,88.8,4805.3,4,1.5857142857142856,False,True,False,False,False,True,False,False,True,False,True,False,False,False,False,True,0,0,0.029046534
0,21,1,0,0,0,0,0,0,20.75,452.2,1,0.9431818181818182,False,False,True,False,False,False,True,False,False,False,False,False,True,True,False,False,0,0,0.016641371
1,42,1,0,0,1,0,0,0,55.65,2421.75,2,1.294186046511628,False,False,False,False,True,False,False,False,False,False,False,True,False,False,True,False,0,0,0.12926777
0,72,1,0,0,0,0,0,0,19.8,1468.75,1,0.27123287671232876,True,False,False,False,False,False,True,False,True,True,True,False,False,False,False,True,0,0,0.00054142275
0,18,1,1,0,1,0,1,0,87.9,1500.5,4,4.626315789473685,True,True,True,False,False,True,False,False,False,True,False,False,True,True,False,False,0,1,0.61099803
1,1,1,0,1,0,0,0,0,76.4,76.4,2,38.2,False,True,False,False,False,True,False,False,False,True,False,False,True,False,False,False,1,1,0.7503008
0,3,1,0,0,0,0,0,0,20.55,51.15,1,5.1375,True,True,False,False,False,False,True,False,False,True,True,False,False,False,False,False,1,0,0.023445303
1,3,1,0,0,1,0,1,0,91.05,289.1,3,22.7625,True,False,False,False,True,True,False,False,False,False,False,True,False,False,False,False,1,1,0.82370543
0,70,1,1,1,1,0,1,1,84.7,5991.05,6,1.1929577464788732,False,False,False,False,True,False,False,False,True,False,False,False,True,False,False,True,0,0,0.00049576507
0,66,1,1,1,1,1,1,1,85.9,5595.3,7,1.282089552238806,True,True,False,False,False,False,False,False,True,True,False,False,False,False,False,True,0,0,0.0013339238
0,72,1,0,0,0,0,0,0,25.4,1710.9,1,0.347945205479452,True,True,False,False,True,False,True,False,True,False,False,False,True,False,False,True,0,0,0.00041381302
0,24,1,0,1,1,0,0,0,84.85,2048.8,3,3.3939999999999997,True,False,False,False,True,True,False,False,False,True,False,False,False,True,False,False,0,0,0.26773342
0,42,1,1,1,1,0,0,1,99.0,4298.45,5,2.302325581395349,True,False,False,False,True,True,False,True,False,True,False,True,False,False,True,False,0,0,0.063294396
0,72,1,1,1,1,1,1,1,90.8,6397.6,7,1.2438356164383562,True,True,True,False,True,False,False,False,True,True,True,False,False,False,False,True,0,0,0.0019593495
0,21,1,0,0,0,0,0,0,24.7,467.15,1,1.1227272727272728,True,False,True,False,True,False,True,False,False,False,False,False,True,True,False,False,0,0,0.02704672
0,30,1,0,0,0,1,1,1,94.4,2638.1,4,3.045161290322581,False,False,False,False,False,True,False,True,False,True,False,False,False,False,True,False,0,0,0.4081946
0,55,1,1,0,0,0,0,1,59.45,3157.0,3,1.061607142857143,True,True,True,False,False,False,False,True,False,False,True,False,False,False,False,True,0,0,0.102872
1,54,1,0,0,0,0,0,0,74.0,3919.15,1,1.3454545454545455,True,True,False,False,True,True,False,False,False,False,False,False,False,False,False,True,0,0,0.08567043
0,16,1,1,1,0,1,1,1,84.9,1398.25,6,4.9941176470588236,True,True,True,False,True,False,False,False,False,False,False,True,False,True,False,False,0,0,0.02866846
0,32,1,0,0,1,0,0,0,78.9,2447.95,2,2.390909090909091,True,True,False,False,True,True,False,False,False,True,False,True,False,False,True,False,1,1,0.8735472
1,62,1,1,0,1,0,1,1,104.85,6312.9,5,1.6642857142857141,False,True,False,False,True,True,False,True,False,True,False,True,False,False,False,True,0,0,0.10044227
0,1,1,0,0,0,0,0,0,20.2,20.2,1,10.1,True,False,False,False,False,False,True,False,False,False,False,False,True,False,False,False,1,1,0.52955353
0,23,0,1,0,0,1,0,0,34.6,813.45,2,1.4416666666666667,False,True,True,True,False,False,False,False,True,False,False,False,True,True,False,False,0,0,0.011932769
0,3,1,0,0,0,0,1,1,90.7,237.65,3,22.675,True,False,False,False,False,True,False,False,False,False,False,False,True,False,False,False,0,0,0.45940438
1,65,1,0,1,1,0,1,0,95.45,6223.3,4,1.4462121212121213,False,False,False,False,True,True,False,False,False,True,False,False,False,False,False,True,0,0,0.042876612
0,3,1,0,0,1,1,1,0,89.85,244.45,4,22.4625,True,False,False,False,False,True,False,False,False,True,False,False,True,False,False,False,0,1,0.8139583
0,1,1,0,0,0,0,0,0,18.8,18.8,1,9.4,True,True,True,False,False,False,True,True,False,False,False,False,True,False,False,False,0,0,0.059761923
0,4,1,1,0,0,0,0,0,49.35,219.65,2,9.870000000000001,True,False,True,False,False,False,False,False,False,False,False,True,False,False,False,False,1,0,0.19398347
0,1,1,1,0,0,1,0,0,53.95,53.95,3,26.975,True,False,False,False,False,False,False,False,False,True,False,True,False,False,False,False,1,0,0.17484817
0,1,1,0,0,0,0,0,0,19.85,19.85,1,9.925,True,False,False,False,False,False,True,False,False,True,False,True,False,False,False,False,1,1,0.63007414
0,57,1,0,0,0,0,0,0,19.75,1272.05,1,0.34051724137931033,False,True,True,False,False,False,True,False,True,False,False,False,False,False,False,True,0,0,0.0043769223
0,59,1,0,0,0,0,0,0,19.85,1188.25,1,0.33083333333333337,True,True,True,False,False,False,True,False,True,False,False,False,True,False,False,True,0,0,0.011651073
0,63,1,0,1,0,0,1,1,99.9,6137.0,4,1.5609375,False,False,False,False,True,True,False,True,False,False,False,False,False,False,False,True,1,0,0.04066562
0,68,0,0,1,1,1,1,1,60.3,4109.0,5,0.8739130434782608,False,True,True,True,False,False,False,False,True,False,True,False,False,False,False,True,0,0,0.0023325647
0,2,1,0,0,0,0,0,0,69.8,146.65,1,23.266666666666666,True,False,False,False,False,True,False,False,False,True,False,True,False,False,False,False,0,1,0.86649454
0,53,1,0,0,1,1,1,1,78.75,3942.45,5,1.4583333333333333,True,True,True,False,True,False,False,True,False,True,False,False,True,False,False,True,0,0,0.03324455
1,9,1,0,0,1,0,1,0,90.1,816.8,3,9.01,False,False,False,False,True,True,False,False,False,True,False,True,False,False,False,False,0,0,0.48286518
1,66,1,0,0,1,1,1,1,105.95,6975.25,5,1.5813432835820895,False,True,False,False,True,True,False,True,False,True,True,False,False,False,False,True,1,0,0.17309596
0,1,1,0,0,0,0,0,0,44.55,44.55,1,22.275,False,False,False,False,False,False,False,False,False,True,True,False,False,False,False,False,0,1,0.7705905
0,61,1,0,0,0,0,0,0,19.75,1124.2,1,0.3185483870967742,True,False,True,False,False,False,True,False,True,False,False,False,True,False,False,True,0,0,0.14431576
0,11,1,1,0,0,0,0,0,51.0,581.7,2,4.25,False,True,True,False,False,False,False,False,False,False,False,False,False,False,False,False,0,0,0.04170547
0,15,1,0,0,1,0,1,1,101.1,1504.05,4,6.31875,True,True,False,False,True,True,False,False,False,True,False,True,False,True,False,False,1,1,0.91351306
0,71,1,1,1,1,1,1,1,87.95,6365.35,7,1.2215277777777778,False,True,False,False,True,False,False,False,True,False,False,False,False,False,False,True,0,0,0.00043362053
0,15,1,0,0,0,0,0,0,46.3,639.45,1,2.89375,False,True,True,False,False,False,False,False,False,False,False,True,False,True,False,False,0,0,0.38709533
0,3,1,0,0,0,0,0,0,50.4,137.25,1,12.6,True,False,False,False,True,False,False,False,False,False,False,False,False,False,False,False,0,1,0.80013794
0,34,1,1,1,0,0,0,0,55.0,1885.15,3,1.5714285714285714,False,False,False,False,False,False,False,True,False,False,False,False,True,False,True,False,0,0,0.065925404
0,12,1,0,0,0,1,0,0,79.55,958.25,2,6.119230769230769,False,False,False,False,True,True,False,False,False,True,True,False,False,False,False,False,0,0,0.34468022
0,45,1,0,0,0,0,0,0,24.65,1138.8,1,0.5358695652173913,False,True,True,False,True,False,True,False,True,True,False,False,False,False,True,False,0,0,0.0021988836
0,71,1,1,0,1,1,1,1,108.55,7616.0,6,1.5076388888888888,True,True,False,False,True,True,False,False,True,True,True,False,False,False,False,True,0,0,0.2538854
0,42,1,1,0,0,1,1,1,80.45,3375.9,5,1.8709302325581396,True,True,False,False,True,False,False,True,False,False,True,False,False,False,True,False,0,0,0.036117185
0,68,1,1,1,1,0,1,1,110.8,7553.6,6,1.6057971014492753,False,True,False,False,True,True,False,False,True,True,False,False,False,False,False,True,0,0,0.12307283
0,55,1,1,0,0,0,1,0,89.8,4959.6,3,1.6035714285714284,False,True,False,False,True,True,False,False,False,True,False,False,False,False,False,True,0,0,0.043428995
0,71,1,0,0,0,0,0,0,19.9,1389.35,1,0.27638888888888885,False,True,True,False,False,False,True,False,True,False,False,False,False,False,False,True,0,0,0.0006060601
0,11,1,0,0,0,0,0,0,20.6,233.9,1,1.7166666666666668,False,True,True,False,False,False,True,True,False,False,False,False,True,False,False,False,0,0,0.073429585
0,47,1,0,0,0,0,0,0,20.45,943.0,1,0.42604166666666665,True,False,False,False,False,False,True,False,True,False,False,False,False,False,True,False,0,0,0.006654271
0,11,1,0,0,0,0,0,0,76.5,837.95,1,6.375,False,False,False,False,True,True,False,False,False,True,False,True,False,False,False,False,1,0,0.47163397
0,3,0,0,1,0,0,0,0,29.65,90.05,1,7.4125,False,False,True,True,False,False,False,False,False,False,False,False,True,False,False,False,0,0,0.10442232
0,8,1,0,0,0,0,1,0,80.1,679.3,2,8.899999999999999,False,False,False,False,False,True,False,False,False,True,False,False,False,False,False,False,1,1,0.5112392
0,17,1,1,0,0,0,0,0,50.3,846.8,2,2.7944444444444443,True,False,True,False,False,False,False,False,False,True,False,False,True,True,False,False,0,0,0.023222892
0,66,1,0,1,0,1,1,1,104.05,6890.0,5,1.5529850746268656,True,True,False,False,True,True,False,True,False,True,False,True,False,False,False,True,1,0,0.16479903
0,4,1,0,0,0,0,0,1,55.3,238.5,2,11.059999999999999,True,False,False,False,False,False,False,False,False,True,False,False,True,False,False,False,0,0,0.30297625
0,37,1,0,0,1,1,1,0,94.3,3460.95,4,2.481578947368421,True,True,False,False,True,True,False,False,True,False,False,False,True,False,True,False,0,0,0.0151432315
0,6,1,0,0,0,0,0,0,73.85,401.3,1,10.549999999999999,False,False,False,False,True,True,False,False,False,True,False,False,True,False,False,False,0,1,0.7977583
0,30,1,1,1,0,0,0,1,94.3,2679.7,4,3.041935483870968,True,False,False,False,True,True,False,False,False,True,True,False,False,False,True,False,0,1,0.6617228
0,23,1,0,0,0,0,1,1,64.9,1509.8,3,2.704166666666667,True,False,False,False,False,False,False,True,False,True,False,False,False,True,False,False,0,0,0.04053904
0,65,1,1,0,1,1,0,0,58.9,3857.1,4,0.8924242424242425,False,True,False,False,False,False,False,False,True,False,True,False,False,False,False,True,0,0,0.026108207
1,40,1,1,1,1,1,1,0,98.15,4116.8,6,2.3939024390243904,True,True,False,False,False,True,False,True,False,True,True,False,False,False,True,False,0,0,0.11337535
0,71,1,0,1,0,1,0,0,84.8,6152.4,3,1.1777777777777778,True,True,True,False,True,True,False,False,True,True,False,True,False,False,False,True,0,0,0.030138534
0,65,1,0,0,0,0,0,0,24.75,1715.1,1,0.375,True,True,True,False,True,False,True,False,True,False,True,False,False,False,False,True,0,0,0.0003760244
0,1,1,0,0,0,0,0,0,20.15,20.15,1,10.075,False,True,True,False,False,False,True,False,False,True,True,False,False,False,False,False,1,1,0.5238991
1,65,1,1,0,1,1,1,1,110.35,7246.15,6,1.6719696969696969,True,False,False,False,True,True,False,False,True,True,False,True,False,False,False,True,0,0,0.14059329
0,3,1,0,0,0,0,0,0,19.75,58.85,1,4.9375,False,False,False,False,False,False,True,False,False,False,False,True,False,False,False,False,1,0,0.15329288
0,1,1,0,0,1,0,0,0,50.45,50.45,2,25.225,False,True,True,False,False,False,False,False,False,False,False,False,True,False,False,False,1,1,0.85845476
0,37,0,1,0,1,1,0,0,40.2,1525.35,3,1.0578947368421054,True,True,True,True,False,False,False,True,False,True,False,True,False,False,True,False,0,0,0.2131242
0,71,1,1,1,0,0,0,0,85.45,6028.95,3,1.1868055555555557,True,False,True,False,True,True,False,True,False,True,True,False,False,False,False,True,0,0,0.04897251
0,36,0,1,0,1,0,0,0,35.35,1317.95,2,0.9554054054054054,True,True,False,True,False,False,False,True,False,False,False,False,True,False,True,False,0,0,0.04623501
0,12,1,0,0,0,0,1,0,81.45,912.0,2,6.265384615384615,True,False,False,False,False,True,False,False,False,True,False,True,False,False,False,False,0,1,0.8217865
0,3,1,0,0,0,0,1,0,55.15,159.15,2,13.7875,True,False,False,False,False,False,False,False,False,False,False,False,True,False,False,False,1,0,0.3500791
0,14,1,0,1,0,0,0,1,86.3,1180.95,3,5.753333333333333,False,False,False,False,False,True,False,False,False,True,False,True,False,True,False,False,1,1,0.7564931
1,1,1,0,0,0,0,0,0,69.5,69.5,1,34.75,True,False,False,False,False,True,False,False,False,True,False,False,False,False,False,False,1,1,0.94531286
0,14,1,1,1,0,1,0,0,59.45,780.85,4,3.9633333333333334,False,True,True,False,False,False,False,False,False,False,False,False,False,True,False,False,0,0,0.041421436
0,36,1,0,0,0,0,1,1,95.0,3440.25,3,2.5675675675675675,True,True,False,False,True,True,False,False,False,True,False,False,False,False,True,False,0,0,0.29854512
0,35,1,0,0,0,0,0,0,20.5,759.35,1,0.5694444444444444,True,True,True,False,False,False,True,False,True,False,False,False,False,False,True,False,0,0,0.0007077907
0,48,1,0,0,0,0,0,0,19.95,1004.5,1,0.40714285714285714,True,False,False,False,False,False,True,True,False,False,False,False,False,False,True,False,0,0,0.012251491
0,61,1,0,0,0,0,0,0,19.1,1143.8,1,0.3080645161290323,False,True,True,False,False,False,True,True,False,False,True,False,False,False,False,True,0,0,0.01644324
0,10,1,0,0,0,0,0,0,70.3,738.2,1,6.390909090909091,True,True,False,False,False,True,False,False,False,True,False,True,False,False,False,False,1,1,0.7933671
0,11,1,0,0,0,0,0,0,45.2,492.0,1,3.766666666666667,True,False,False,False,False,False,False,False,False,False,True,False,False,False,False,False,0,0,0.28092766
1,3,1,0,0,0,0,1,1,94.6,279.55,3,23.65,True,True,False,False,True,True,False,False,False,True,False,True,False,False,False,False,1,1,0.63367
0,60,0,1,0,1,0,0,1,44.45,2773.9,3,0.728688524590164,False,False,False,True,False,False,False,True,False,True,False,True,False,False,False,True,0,0,0.010329615
0,57,1,1,1,0,1,0,0,87.55,4884.85,4,1.5094827586206896,False,False,False,False,True,True,False,False,False,True,False,False,False,False,False,True,0,0,0.003160422
0,48,1,1,1,1,0,1,1,83.45,3887.85,6,1.703061224489796,False,False,False,False,True,False,False,True,False,True,True,False,False,False,True,False,0,0,0.0561031
0,13,1,0,0,0,0,0,0,19.45,270.2,1,1.3892857142857142,True,False,False,False,False,False,True,True,False,False,False,False,True,True,False,False,0,0,0.009727667
0,61,1,0,0,0,0,0,0,24.2,1445.2,1,0.3903225806451613,False,True,True,False,True,False,True,False,True,True,False,False,True,False,False,True,0,0,0.0028034293
0,51,0,0,1,0,0,0,0,30.05,1529.45,1,0.5778846153846154,True,True,False,True,False,False,False,False,False,True,True,False,False,False,False,True,0,0,0.033531774
0,39,1,1,0,1,1,1,0,95.55,3692.85,5,2.38875,False,False,False,False,False,True,False,True,False,True,False,True,False,False,True,False,1,0,0.029395798
0,70,0,1,0,1,1,0,0,39.15,2692.75,3,0.5514084507042253,True,True,False,True,False,False,False,False,True,True,True,False,False,False,False,True,0,0,0.0003786975
0,53,1,0,0,0,0,0,0,19.4,1110.35,1,0.3592592592592592,True,True,True,False,False,False,True,False,True,True,False,False,True,False,False,True,0,0,0.3212088
0,11,1,0,0,0,0,0,0,19.5,226.8,1,1.625,True,False,False,False,False,False,True,True,False,False,False,False,True,False,False,False,0,0,0.052840065
0,23,1,0,1,1,0,0,0,84.25,1968.1,3,3.5104166666666665,True,True,False,False,True,True,False,False,False,False,False,True,False,True,False,False,0,0,0.4702885
1,1,1,0,0,0,0,0,0,69.1,69.1,1,34.55,True,False,False,False,False,True,False,False,False,False,False,True,False,False,False,False,1,1,0.9648516
0,6,1,0,0,0,1,0,1,87.95,522.35,3,12.564285714285715,True,False,False,False,True,True,False,False,False,True,False,False,False,False,False,False,0,1,0.7503996
1,53,1,1,1,0,1,0,1,96.75,5206.55,5,1.7916666666666667,False,False,False,False,False,True,False,True,False,True,False,False,True,False,False,True,0,0,0.058392756
0,42,1,1,0,1,0,1,1,105.2,4400.75,5,2.4465116279069767,False,False,False,False,True,True,False,False,False,True,False,True,False,False,True,False,1,0,0.3856566
0,9,1,0,0,0,0,1,0,77.65,714.15,2,7.765000000000001,False,False,False,False,False,True,False,False,False,True,False,False,False,False,False,False,1,0,0.42979765
0,70,1,1,1,1,1,1,1,114.95,7711.25,7,1.6190140845070422,True,False,False,False,True,True,False,False,True,True,False,False,False,False,False,True,0,0,0.15836576
1,70,1,0,0,0,0,0,0,75.65,5411.4,1,1.065492957746479,False,True,False,False,True,True,False,False,True,True,True,False,False,False,False,True,0,0,0.08142237
0,72,1,1,1,1,1,0,1,79.5,5661.7,6,1.0890410958904109,False,True,True,False,True,False,False,False,True,True,False,False,False,False,False,True,0,0,0.0010937148
0,1,1,0,0,0,0,0,1,86.6,86.6,2,43.3,True,False,False,False,True,True,False,False,False,True,False,True,False,False,False,False,1,1,0.9890794
0,33,1,0,1,1,1,1,1,82.1,2603.1,6,2.414705882352941,True,True,True,False,False,False,False,False,True,False,True,False,False,False,True,False,0,0,0.002760866
0,54,1,0,0,0,0,0,0,24.05,1230.9,1,0.4372727272727273,True,True,True,False,True,False,True,False,True,True,False,False,False,False,False,True,0,0,0.019943789
0,72,1,0,0,0,0,0,0,24.75,1859.1,1,0.339041095890411,True,True,True,False,True,False,True,False,True,False,True,False,False,False,False,True,0,0,0.00011576348
0,33,0,1,0,1,1,1,1,59.55,2016.3,5,1.7514705882352941,False,True,False,True,False,False,False,False,True,False,False,False,False,False,True,False,0,0,0.030936228
0,54,1,0,1,0,1,1,0,70.7,3770.0,4,1.2854545454545454,True,True,True,False,True,False,False,True,False,True,False,True,False,False,False,True,0,0,0.021568611
0,35,1,0,0,0,0,0,0,70.3,2416.55,1,1.9527777777777777,False,True,False,False,False,True,False,False,False,True,False,True,False,False,True,False,1,1,0.68220544
0,48,1,0,0,1,1,1,1,100.05,4834.0,5,2.0418367346938773,False,True,False,False,False,True,False,False,False,True,True,False,False,False,True,False,0,0,0.057733517
0,14,1,0,0,0,1,1,0,66.6,979.5,3,4.4399999999999995,True,True,False,False,True,False,False,False,False,True,True,False,False,True,False,False,0,0,0.48257327
0,35,1,0,0,0,0,0,0,24.3,821.6,1,0.675,False,True,True,False,True,False,True,False,True,False,False,False,False,False,True,False,0,0,0.010819648
0,2,1,0,0,0,0,0,0,45.0,96.45,1,15.0,True,False,False,False,False,False,False,False,False,True,False,False,True,False,False,False,1,1,0.752608
0,59,1,0,0,0,0,0,1,85.55,5084.65,2,1.4258333333333333,True,True,False,False,True,True,False,True,False,False,False,True,False,False,False,True,1,0,0.19087608
0,1,1,0,0,0,0,0,0,19.75,19.75,1,9.875,True,False,False,False,False,False,True,False,False,False,False,False,True,False,False,False,0,1,0.81451917
1,53,1,0,1,1,0,1,1,103.85,5485.5,5,1.923148148148148,True,True,False,False,True,True,False,False,False,True,False,True,False,False,False,True,1,1,0.6537439
0,25,1,0,0,0,0,1,1,90.4,2178.6,3,3.476923076923077,True,True,True,False,False,True,False,True,False,True,False,True,False,False,True,False,1,1,0.8610047
0,71,1,0,0,0,0,0,0,23.9,1663.5,1,0.33194444444444443,False,True,True,False,True,False,True,False,True,False,True,False,False,False,False,True,0,0,0.00040954427
0,40,1,0,1,1,0,0,0,80.8,3132.75,3,1.9707317073170731,True,True,False,False,False,True,False,True,False,False,False,True,False,False,True,False,0,0,0.13704129
1,72,1,1,1,1,1,0,1,107.4,7748.75,6,1.4712328767123288,False,False,False,False,True,True,False,False,True,True,False,False,False,False,False,True,0,0,0.0010127443
0,22,1,0,1,0,0,1,0,89.1,1949.4,3,3.8739130434782605,True,False,True,False,True,True,False,False,False,True,True,False,False,True,False,False,0,0,0.15442647
0,40,1,0,1,1,0,0,0,80.0,3168.75,3,1.951219512195122,True,True,False,False,False,True,False,False,False,True,False,True,False,False,True,False,0,1,0.52863306
0,16,1,0,0,0,0,0,0,20.1,296.15,1,1.1823529411764706,False,False,False,False,False,False,True,True,False,False,False,False,True,True,False,False,0,0,0.052073617
0,10,1,0,0,1,1,0,0,55.2,528.35,3,5.0181818181818185,False,True,True,False,False,False,False,False,False,False,True,False,False,False,False,False,1,0,0.19033684
0,31,1,0,0,0,0,0,0,20.95,683.25,1,0.6546875,False,False,False,False,False,False,True,True,False,False,False,False,True,False,True,False,0,0,0.116472185
0,9,1,0,0,0,0,1,1,94.4,857.25,3,9.440000000000001,False,False,False,False,True,True,False,False,False,False,False,True,False,False,False,False,1,1,0.83269256
0,5,1,0,0,0,0,0,0,20.55,96.1,1,3.4250000000000003,False,False,False,False,False,False,True,False,False,False,True,False,False,False,False,False,0,0,0.047672205
0,27,1,0,0,1,1,0,1,89.2,2383.6,4,3.185714285714286,False,False,False,False,False,True,False,False,False,True,False,True,False,False,True,False,0,0,0.13278127
0,1,0,0,0,0,0,0,0,25.1,25.1,0,12.55,False,False,False,True,False,False,False,False,False,True,False,False,True,False,False,False,1,1,0.5076266
0,72,1,1,1,1,0,1,1,82.65,5919.35,6,1.132191780821918,False,True,False,False,True,False,False,False,True,True,True,False,False,False,False,True,0,0,0.0008980669
0,61,1,0,1,0,1,1,1,98.45,6145.2,5,1.5879032258064516,True,True,True,False,False,True,False,True,False,True,False,False,False,False,False,True,0,0,0.04234258
0,19,1,0,0,0,0,0,0,20.25,383.65,1,1.0125,False,False,False,False,False,False,True,True,False,False,True,False,False,True,False,False,0,0,0.01012339
0,56,1,0,1,0,0,0,0,73.85,4092.85,2,1.2956140350877192,False,False,False,False,False,True,False,False,False,True,False,True,False,False,False,True,1,0,0.08977902
0,68,1,1,1,0,1,1,1,110.25,7279.35,6,1.5978260869565217,False,False,False,False,True,True,False,False,True,False,True,False,False,False,False,True,0,0,0.054790966
0,12,1,1,1,0,1,0,0,67.25,832.3,4,5.173076923076923,True,False,False,False,True,False,False,False,False,True,False,True,False,False,False,False,0,0,0.14943933
0,30,1,1,1,1,1,0,0,67.6,2000.2,5,2.1806451612903226,True,True,True,False,True,False,False,False,False,False,False,True,False,False,True,False,0,0,0.20743614
0,44,1,1,0,0,1,0,0,56.25,2419.55,3,1.25,False,True,True,False,False,False,False,False,False,False,False,False,False,False,True,False,0,0,0.24912953
0,72,1,0,1,1,1,1,1,108.05,7806.6,6,1.4801369863013698,False,False,False,False,True,True,False,False,True,True,True,False,False,False,False,True,0,0,0.0052370154
0,11,1,0,0,0,0,0,1,58.95,601.6,2,4.9125000000000005,False,False,False,False,True,False,False,False,False,True,False,False,True,False,False,False,0,0,0.1487793
0,4,1,0,0,0,0,0,0,70.4,281.0,1,14.080000000000002,False,False,False,False,False,True,False,False,False,False,False,True,False,False,False,False,1,0,0.3264783
0,44,1,0,1,1,0,1,0,88.15,3973.2,4,1.9588888888888891,False,False,False,False,False,True,False,False,False,True,True,False,False,False,True,False,0,0,0.05792303
0,49,1,0,0,0,0,0,0,19.45,921.3,1,0.389,False,False,True,False,False,False,True,True,False,False,True,False,False,False,False,True,0,0,0.011266429
0,69,1,0,0,1,0,1,1,99.45,7007.6,4,1.4207142857142858,True,True,True,False,True,True,False,False,False,True,True,False,False,False,False,True,1,0,0.4837073
0,1,1,0,0,0,0,0,0,20.4,20.4,1,10.2,False,False,False,False,False,False,True,False,False,False,False,False,True,False,False,False,0,1,0.52674824
1,11,1,1,0,0,0,0,0,55.6,580.8,2,4.633333333333334,False,False,False,False,True,False,False,False,False,True,False,True,False,False,False,False,0,0,0.42209008
0,71,1,0,0,1,1,1,1,80.45,5662.25,5,1.1173611111111112,False,True,False,False,True,False,False,False,True,True,False,False,False,False,False,True,0,0,0.0034283362
0,67,1,0,0,0,0,0,0,26.1,1759.55,1,0.38382352941176473,False,False,False,False,True,False,True,False,True,True,False,False,True,False,False,True,0,0,0.0012106253
0,43,1,0,1,0,1,0,0,55.45,2444.25,3,1.2602272727272728,False,False,False,False,False,False,False,True,False,False,False,True,False,False,True,False,0,0,0.16830562
0,41,1,1,0,0,0,0,0,81.3,3190.65,2,1.9357142857142857,False,False,False,False,True,True,False,False,False,True,True,False,False,False,True,False,0,0,0.39184105
0,48,1,1,1,0,0,1,1,103.25,5037.55,5,2.107142857142857,False,True,True,False,True,True,False,True,False,True,True,False,False,False,True,False,1,0,0.106618054
0,50,1,0,1,1,1,1,1,84.15,4164.4,6,1.6500000000000001,False,True,True,False,True,False,False,True,False,True,True,False,False,False,False,True,0,0,0.04692815
0,6,0,1,1,0,1,0,1,50.95,307.6,4,7.278571428571429,False,False,False,True,False,False,False,False,False,False,True,False,False,False,False,False,0,0,0.09493938
1,2,1,0,0,0,0,0,0,44.95,85.15,1,14.983333333333334,True,False,False,False,False,False,False,False,False,False,False,False,True,False,False,False,1,1,0.5013828
0,50,1,1,1,0,1,1,1,109.65,5405.8,6,2.15,False,True,False,False,True,True,False,False,False,True,False,False,False,False,False,True,0,1,0.609083
1,5,1,0,0,0,0,0,1,78.95,378.4,2,13.158333333333333,False,False,False,False,False,True,False,False,False,False,False,True,False,False,False,False,1,1,0.79072315
0,49,0,0,1,0,0,1,1,49.65,2409.9,3,0.993,True,True,False,True,False,False,False,False,True,False,True,False,False,False,False,True,0,0,0.04317902
0,2,1,0,0,0,0,0,0,20.35,45.3,1,6.783333333333334,False,False,False,False,False,False,True,False,False,False,False,False,True,False,False,False,0,0,0.1207639
0,12,1,0,0,0,0,0,1,79.95,1043.4,2,6.15,True,False,False,False,False,True,False,False,False,True,False,False,False,False,False,False,0,1,0.6038425
0,1,1,0,0,0,0,0,1,55.55,55.55,2,27.775,True,False,False,False,False,False,False,False,False,False,False,False,True,False,False,False,0,1,0.8221543
0,23,1,0,0,0,0,0,0,20.85,473.9,1,0.86875,True,False,False,False,False,False,True,False,False,False,False,True,False,True,False,False,0,0,0.045082767
0,7,0,0,0,0,0,0,0,25.05,189.95,0,3.13125,False,False,False,True,False,False,False,False,False,False,False,False,False,False,False,False,0,0,0.22541615
0,29,0,1,1,1,1,0,1,55.35,1636.95,5,1.845,True,True,True,True,False,False,False,True,False,True,True,False,False,False,True,False,0,0,0.21025452
0,4,1,0,0,0,1,1,0,61.3,249.4,3,12.26,True,False,False,False,False,False,False,False,False,True,False,True,False,False,False,False,0,0,0.44748187
0,43,1,1,0,1,1,0,0,84.25,3539.25,4,1.9147727272727273,True,True,False,False,False,True,False,True,False,True,False,False,False,False,True,False,0,0,0.10925418
0,22,1,0,1,1,0,1,0,89.4,2001.5,4,3.8869565217391306,True,False,True,False,False,True,False,False,False,True,False,True,False,True,False,False,1,0,0.16552857
1,37,1,0,0,0,0,0,0,76.5,2868.15,1,2.013157894736842,False,True,False,False,True,True,False,False,False,True,False,True,False,False,True,False,1,1,0.8853757
0,67,1,0,0,0,0,0,0,19.8,1311.3,1,0.2911764705882353,True,False,False,False,False,False,True,False,True,True,False,False,True,False,False,True,0,0,0.0027757685
0,71,1,1,1,1,1,0,0,64.05,4492.9,5,0.8895833333333333,False,True,True,False,False,False,False,False,True,False,True,False,False,False,False,True,0,0,0.0020060283
0,26,0,1,1,1,0,1,0,47.85,1190.5,4,1.7722222222222224,False,True,False,True,False,False,False,True,False,False,False,False,False,False,True,False,0,0,0.020900818
0,72,1,0,0,0,0,0,0,25.65,1887.0,1,0.3513698630136986,False,True,False,False,True,False,True,False,True,False,False,False,False,False,False,True,0,0,0.00025110584
0,39,1,0,0,0,0,0,0,20.15,826.0,1,0.5037499999999999,False,False,False,False,False,False,True,False,True,False,False,False,True,False,True,False,0,0,0.0018893381
0,63,1,0,0,0,1,0,0,81.2,4965.1,2,1.26875,False,True,False,False,True,True,False,True,False,True,True,False,False,False,False,True,0,0,0.004740021
0,53,0,0,1,1,1,1,1,60.45,3184.25,5,1.1194444444444445,True,True,False,True,False,False,False,True,False,True,False,True,False,False,False,True,1,0,0.12786998
0,25,1,1,0,1,1,1,1,105.5,2686.05,6,4.0576923076923075,True,False,False,False,False,True,False,False,False,True,False,True,False,False,True,False,0,0,0.40982974
0,72,1,1,1,1,0,1,1,83.6,5959.3,6,1.1452054794520548,False,True,True,False,True,False,False,False,True,True,True,False,False,False,False,True,0,0,0.0015243349
0,3,1,1,1,0,0,0,0,79.1,246.5,3,19.775,False,False,False,False,False,True,False,False,False,True,False,True,False,False,False,False,1,0,0.2084928
0,2,1,0,0,0,0,0,0,44.65,74.9,1,14.883333333333333,True,False,False,False,False,False,False,False,False,False,False,False,True,False,False,False,1,1,0.5468518
0,28,1,0,0,0,0,1,1,92.2,2568.15,3,3.179310344827586,True,True,True,False,True,True,False,True,False,False,False,False,False,False,True,False,0,1,0.5088535
0,39,1,0,0,0,0,0,0,25.2,987.95,1,0.63,True,True,True,False,True,False,True,False,True,False,False,False,True,False,True,False,0,0,0.004530401
0,72,1,0,0,0,0,0,0,20.35,1354.4,1,0.2787671232876712,True,True,True,False,False,False,True,False,True,False,False,True,False,False,False,True,0,0,0.0016387851
1,39,1,1,1,0,0,1,1,99.1,3877.95,5,2.4775,False,True,False,False,False,True,False,True,False,False,False,False,True,False,True,False,0,0,0.26201832
1,52,0,0,1,0,0,1,1,49.15,2550.9,3,0.9273584905660377,True,False,False,True,False,False,False,False,False,True,False,True,False,False,False,True,1,1,0.6688436
1,71,1,0,0,0,0,0,0,25.45,1789.65,1,0.3534722222222222,True,True,False,False,True,False,True,False,True,False,True,False,False,False,False,True,0,0,0.00023967886
0,9,1,0,1,0,0,1,1,99.3,918.75,4,9.93,True,False,False,False,True,True,False,False,False,True,True,False,False,False,False,False,0,1,0.9458104
0,1,1,1,0,0,0,0,0,49.9,49.9,2,24.95,False,False,True,False,False,False,False,False,False,False,False,False,True,False,False,False,0,0,0.14150093
0,41,1,0,0,0,0,0,0,19.5,798.2,1,0.4642857142857143,True,True,True,False,False,False,True,True,False,False,False,False,False,False,True,False,0,0,0.0055754897
0,11,1,1,0,0,0,0,0,76.4,838.7,2,6.366666666666667,False,False,False,False,False,True,False,False,False,False,False,True,False,False,False,False,0,0,0.22525825
0,22,1,0,0,0,0,1,0,84.15,1821.95,2,3.6586956521739133,False,False,False,False,True,True,False,False,False,True,False,False,False,True,False,False,0,0,0.103358984
0,18,1,0,1,0,0,0,0,56.8,1074.65,2,2.9894736842105263,True,True,False,False,True,False,False,False,False,False,True,False,False,True,False,False,0,0,0.17061736
0,9,1,0,0,0,0,0,1,79.75,769.1,2,7.975,False,True,False,False,False,True,False,False,False,True,False,True,False,False,False,False,0,1,0.77469707
0,52,1,1,0,1,1,0,0,84.05,4326.8,4,1.5858490566037735,False,True,True,False,False,True,False,False,False,True,False,False,False,False,False,True,0,0,0.04123772
0,26,1,0,1,1,1,1,1,105.45,2715.3,6,3.9055555555555554,False,False,True,False,False,True,False,False,True,True,False,True,False,False,True,False,0,0,0.0818687
1,7,1,0,0,0,0,0,0,74.4,527.9,1,9.3,True,True,False,False,True,True,False,False,False,True,False,False,True,False,False,False,1,1,0.8754454
0,41,1,0,0,1,0,0,0,55.7,2237.55,2,1.3261904761904764,True,False,False,False,True,False,False,False,False,True,False,False,False,False,True,False,0,0,0.03303269
0,10,1,1,1,1,0,1,1,104.4,1081.45,6,9.490909090909092,True,False,False,False,False,True,False,False,False,True,False,True,False,False,False,False,1,1,0.64905155
0,13,1,0,0,0,0,0,0,44.0,659.35,1,3.142857142857143,True,False,True,False,False,False,False,False,False,False,False,False,True,True,False,False,0,0,0.05059425
0,43,1,1,1,1,1,0,0,90.65,3882.3,5,2.060227272727273,True,False,False,False,False,True,False,True,False,True,True,False,False,False,True,False,0,0,0.020515813
0,64,1,0,1,0,1,1,1,105.4,6794.75,5,1.6215384615384616,False,True,False,False,True,True,False,False,True,True,False,False,False,False,False,True,0,0,0.0023559413
0,13,0,0,0,1,0,1,1,49.15,649.4,3,3.5107142857142857,False,False,False,True,False,False,False,False,False,False,False,True,False,True,False,False,0,0,0.29004937
0,34,1,0,0,0,0,0,0,20.8,635.9,1,0.5942857142857143,True,True,True,False,False,False,True,False,False,False,False,False,True,False,True,False,0,0,0.0035153397
0,41,1,0,1,0,1,0,1,66.5,2728.6,4,1.5833333333333333,False,True,True,False,False,False,False,True,False,True,False,False,False,False,True,False,1,0,0.014996402
1,30,1,0,0,0,1,1,1,101.5,2917.65,4,3.274193548387097,True,True,False,False,True,True,False,False,False,True,False,True,False,False,True,False,0,1,0.7780447
0,26,1,0,1,0,1,1,1,73.05,1959.5,5,2.7055555555555553,False,True,False,False,False,False,False,False,False,True,False,True,False,False,True,False,0,0,0.027939193
0,49,0,0,0,1,0,0,0,30.2,1453.1,1,0.604,True,False,False,True,False,False,False,False,False,True,False,False,False,False,False,True,0,0,0.027941367
1,32,1,0,0,0,0,0,1,85.3,2661.1,2,2.584848484848485,True,True,False,False,True,True,False,False,False,False,False,True,False,False,True,False,1,1,0.6571577
0,30,1,0,0,0,0,1,1,90.25,2755.35,3,2.911290322580645,True,False,False,False,False,True,False,False,False,True,False,True,False,False,True,False,1,1,0.5359896
0,11,0,0,0,0,0,0,0,25.2,321.05,0,2.1,False,False,True,True,False,False,False,False,False,False,False,True,False,False,False,False,0,0,0.18557091
0,61,1,0,0,0,0,0,0,24.1,1551.6,1,0.38870967741935486,False,True,True,False,True,False,True,False,True,True,False,False,True,False,False,True,0,0,0.0026478916
0,61,1,1,1,0,1,0,1,93.7,5860.7,5,1.511290322580645,False,True,False,False,False,True,False,True,False,False,False,False,False,False,False,True,0,0,0.0077457856
0,6,1,1,1,1,1,0,1,98.15,567.45,6,14.021428571428572,False,False,False,False,False,True,False,False,False,True,False,False,False,False,False,False,1,1,0.7888042
0,62,1,1,1,1,0,0,0,92.05,5755.8,4,1.461111111111111,False,False,False,False,True,True,False,True,False,True,False,True,False,False,False,True,0,0,0.15788008
0,34,1,0,0,0,1,0,0,50.2,1815.3,2,1.4342857142857144,False,True,False,False,False,False,False,False,False,False,False,False,False,False,True,False,0,0,0.013425129
0,27,1,1,0,0,0,0,0,48.7,1421.75,2,1.7392857142857143,True,True,False,False,False,False,False,True,False,False,True,False,False,False,True,False,0,0,0.10849051
0,57,1,1,0,1,1,1,1,84.5,4845.4,6,1.456896551724138,False,True,True,False,True,False,False,False,True,True,False,True,False,False,False,True,0,0,0.038313203
0,12,0,0,1,1,1,1,1,60.65,743.3,5,4.665384615384616,False,False,False,True,False,False,False,True,False,False,False,True,False,False,False,False,0,0,0.007089057
0,32,1,0,1,0,0,0,0,80.35,2596.15,2,2.4348484848484846,True,False,False,False,True,True,False,False,False,True,False,False,False,False,True,False,1,1,0.53293425
0,22,1,0,0,0,0,1,1,89.25,1907.85,3,3.880434782608696,False,False,False,False,False,True,False,False,False,False,False,True,False,True,False,False,1,0,0.15099826
0,29,1,1,0,0,0,0,1,60.2,1834.15,3,2.006666666666667,True,True,True,False,False,False,False,False,False,True,False,False,True,False,True,False,0,0,0.07756401
0,18,1,0,0,1,1,1,1,82.0,1425.45,5,4.315789473684211,True,False,False,False,True,False,False,True,False,True,True,False,False,True,False,False,1,0,0.05018865
0,11,1,0,0,0,0,0,0,20.45,250.8,1,1.7041666666666666,True,True,True,False,False,False,True,False,False,True,False,True,False,False,False,False,0,0,0.13665581
0,69,0,1,1,0,1,1,1,60.05,4176.7,5,0.8578571428571428,True,False,False,True,False,False,False,False,True,True,False,False,False,False,False,True,0,0,0.0021692913
1,18,1,1,1,0,0,0,0,58.4,964.9,3,3.0736842105263156,True,False,False,False,True,False,False,False,False,True,True,False,False,True,False,False,0,0,0.2561579
0,72,1,1,0,1,1,0,0,66.5,4811.6,4,0.910958904109589,True,True,True,False,True,False,False,False,True,True,True,False,False,False,False,True,0,0,0.009518717
0,70,0,0,1,1,1,1,1,60.35,4138.7,5,0.85,True,True,True,True,False,False,False,True,False,False,False,True,False,False,False,True,0,0,0.038853437
0,45,1,1,0,0,0,0,0,50.9,2298.55,2,1.1065217391304347,True,False,False,False,False,False,False,False,False,True,False,False,False,False,True,False,0,0,0.041402336
0,1,1,0,0,0,0,0,0,19.3,19.3,1,9.65,True,False,False,False,False,False,True,False,False,False,True,False,False,False,False,False,0,0,0.24336171
1,18,1,0,1,0,0,0,0,80.55,1411.65,2,4.239473684210526,True,False,False,False,True,True,False,False,False,True,True,False,False,True,False,False,0,1,0.75102365
1,57,0,0,1,1,0,1,1,55.0,3094.05,4,0.9482758620689655,False,False,False,True,False,False,False,False,False,True,False,True,False,False,False,True,0,0,0.36316025
0,62,0,1,1,0,1,1,0,48.7,3008.55,4,0.773015873015873,False,True,True,True,False,False,False,False,True,False,False,False,False,False,False,True,0,0,0.006821354
0,68,1,1,1,1,1,1,1,88.15,6148.45,7,1.277536231884058,False,False,False,False,True,False,False,False,True,True,False,True,False,False,False,True,0,0,0.00091796095
0,66,1,1,1,1,1,0,0,65.85,4097.05,5,0.9828358208955223,True,True,True,False,False,False,False,False,True,False,False,False,True,False,False,True,0,0,0.0032059392
0,2,1,1,0,0,0,0,0,56.7,113.55,2,18.900000000000002,True,True,True,False,True,False,False,False,False,False,False,False,True,False,False,False,1,1,0.51512575
0,33,1,1,0,1,0,1,1,103.7,3467.0,5,3.0500000000000003,False,True,True,False,True,True,False,True,False,True,False,False,True,False,True,False,1,1,0.6275621
1,7,1,0,0,0,0,0,0,73.75,545.15,1,9.21875,True,False,False,False,True,True,False,False,False,False,False,False,True,False,False,False,1,1,0.7283387
0,15,1,0,0,0,0,0,0,48.8,720.1,1,3.05,False,False,False,False,True,False,False,False,False,True,False,False,True,True,False,False,0,0,0.18385303
1,19,1,1,1,0,1,1,1,105.0,2007.25,6,5.25,False,False,False,False,False,True,False,False,False,True,False,False,True,True,False,False,0,0,0.41603506
0,71,1,1,0,1,1,1,1,83.2,6126.1,6,1.1555555555555557,True,True,False,False,True,False,False,False,True,False,False,True,False,False,False,True,0,0,0.007510002
0,55,1,0,0,0,0,0,0,19.4,1083.0,1,0.3464285714285714,False,True,True,False,False,False,True,False,True,False,True,False,False,False,False,True,0,0,0.035522837
0,25,1,0,0,0,1,1,0,85.9,2199.05,3,3.303846153846154,True,True,True,False,False,True,False,False,False,False,False,True,False,False,True,False,0,1,0.65206116
1,10,1,0,1,1,1,1,0,92.5,934.1,5,8.409090909090908,True,True,False,False,False,True,False,False,False,True,False,False,True,False,False,False,1,1,0.9386959
1,8,1,0,0,0,0,1,0,80.45,583.45,2,8.93888888888889,True,True,True,False,False,True,False,False,False,True,True,False,False,False,False,False,1,1,0.6703378
0,72,1,1,1,1,1,1,1,118.2,8547.15,7,1.619178082191781,True,False,False,False,True,True,False,False,True,True,False,True,False,False,False,True,0,0,0.021097843
0,1,1,0,0,0,0,0,0,69.8,69.8,1,34.9,True,False,False,False,False,True,False,False,False,True,False,True,False,False,False,False,1,1,0.9844818
0,18,1,1,0,1,0,1,0,69.5,1199.4,4,3.6578947368421053,True,False,False,False,True,False,False,False,False,False,False,False,True,True,False,False,0,0,0.04094483
0,49,1,0,0,0,0,1,1,95.6,4783.5,3,1.912,False,True,True,False,True,True,False,False,False,True,False,True,False,False,False,True,1,1,0.60076714
0,4,1,0,1,0,0,0,0,77.95,305.55,2,15.59,False,False,False,False,True,True,False,False,False,False,False,False,False,False,False,False,1,0,0.44917092
0,31,1,0,0,1,0,1,1,93.8,2939.8,4,2.93125,True,True,False,False,False,True,False,True,False,True,False,True,False,False,True,False,0,1,0.5772027
0,55,1,1,1,1,1,1,1,90.15,4916.95,7,1.6098214285714287,False,True,False,False,True,False,False,True,False,True,False,True,False,False,False,True,0,0,0.017495355
0,7,1,0,0,0,0,0,0,19.3,144.95,1,2.4125,False,False,False,False,False,False,True,False,False,False,False,False,True,False,False,False,0,0,0.39791563
0,72,1,1,1,0,1,1,1,86.4,6058.95,6,1.1835616438356165,False,True,False,False,True,False,False,False,True,True,False,False,False,False,False,True,0,0,0.00041491093
0,48,0,0,0,0,1,0,0,29.5,1423.05,1,0.6020408163265306,False,True,True,True,False,False,False,False,False,True,True,False,False,False,True,False,0,0,0.07718855
0,4,1,0,0,0,0,0,0,44.8,176.2,1,8.959999999999999,True,False,False,False,False,False,False,False,False,True,True,False,False,False,False,False,0,1,0.60532933
0,55,1,1,0,1,0,0,0,84.25,4589.85,3,1.5044642857142858,False,False,False,False,True,True,False,True,False,True,True,False,False,False,False,True,0,0,0.014560229
0,18,1,0,0,1,0,0,0,49.55,878.35,2,2.607894736842105,True,True,False,False,False,False,False,False,False,True,False,False,True,True,False,False,1,0,0.08888854
0,20,1,0,0,0,0,0,0,19.7,419.4,1,0.9380952380952381,True,False,False,False,False,False,True,False,True,True,False,False,True,True,False,False,0,0,0.0030292617
0,11,1,0,0,0,0,0,0,70.2,760.05,1,5.8500000000000005,True,False,False,False,False,True,False,False,False,False,False,True,False,False,False,False,0,0,0.35153285
0,2,1,0,0,0,0,0,0,19.3,44.4,1,6.433333333333334,False,False,False,False,False,False,True,False,False,False,False,False,True,False,False,False,0,0,0.06075644
0,1,0,0,0,0,0,0,0,24.2,24.2,0,12.1,True,False,True,True,False,False,False,False,False,False,False,False,True,False,False,False,0,0,0.1774012
0,7,0,1,1,0,0,0,0,34.2,256.6,2,4.275,True,True,False,True,False,False,False,False,False,False,False,False,True,False,False,False,0,0,0.19790165
0,29,1,0,0,0,0,0,0,70.75,1974.8,1,2.3583333333333334,True,True,True,False,False,True,False,False,False,True,False,True,False,False,True,False,1,0,0.27410132
0,37,1,0,0,0,0,0,0,19.5,805.2,1,0.5131578947368421,False,True,False,False,False,False,True,False,False,False,False,False,False,False,True,False,0,0,0.016114898
0,31,1,0,0,0,0,0,0,25.75,755.6,1,0.8046875,True,True,True,False,True,False,True,False,True,False,False,False,True,False,True,False,0,0,0.020330468
0,5,1,0,0,0,1,1,0,85.75,470.95,3,14.291666666666666,False,True,True,False,False,True,False,False,False,True,False,True,False,False,False,False,1,1,0.809744
0,17,1,1,1,0,0,0,0,56.1,946.95,3,3.1166666666666667,True,False,False,False,False,False,False,True,False,False,False,False,True,True,False,False,0,0,0.04492714
0,4,1,0,0,0,0,0,0,19.55,68.8,1,3.91,True,True,True,False,False,False,True,False,True,False,True,False,False,False,False,False,0,0,0.0040221494
0,7,0,1,0,0,1,0,0,34.65,246.6,2,4.33125,False,True,True,True,False,False,False,False,False,False,False,False,True,False,False,False,0,0,0.09395378
0,48,1,1,0,1,0,1,1,99.7,4977.2,5,2.0346938775510206,False,True,True,False,False,True,False,True,False,True,False,False,False,False,True,False,0,0,0.061247896
0,60,1,1,0,0,0,1,0,59.8,3561.15,3,0.9803278688524589,True,True,False,False,False,False,False,True,False,True,False,False,True,False,False,True,0,0,0.00040876205
0,72,1,0,0,1,0,1,1,76.8,5468.45,4,1.0520547945205478,False,True,True,False,True,False,False,False,True,True,False,False,False,False,False,True,0,0,0.0129735
0,72,1,0,0,0,0,0,0,24.45,1709.1,1,0.33493150684931505,False,True,True,False,True,False,True,False,True,False,False,False,False,False,False,True,0,0,0.00072267244
0,46,1,1,0,0,0,1,0,89.15,4245.55,3,1.896808510638298,True,False,False,False,True,True,False,False,False,True,True,False,False,False,True,False,0,0,0.21895976
0,68,1,0,1,1,1,1,1,105.75,7322.5,6,1.5326086956521738,True,True,True,False,False,True,False,True,False,False,True,False,False,False,False,True,0,0,0.35035408
0,10,1,0,0,0,0,0,0,20.55,187.35,1,1.8681818181818182,False,False,False,False,False,False,True,False,False,True,False,False,True,False,False,False,0,0,0.08077552
0,61,1,0,0,0,0,0,0,25.45,1538.6,1,0.4104838709677419,True,True,False,False,True,False,True,False,True,False,False,False,False,False,False,True,0,0,0.0015002426
0,53,1,0,1,1,1,0,1,73.9,3958.25,5,1.3685185185185187,True,False,False,False,True,False,False,False,True,True,False,False,False,False,False,True,0,0,0.0014640843
0,61,1,0,0,0,0,0,0,25.0,1498.35,1,0.4032258064516129,False,False,True,False,True,False,True,False,True,True,True,False,False,False,False,True,0,0,0.0017522357
0,38,1,0,0,1,1,0,1,62.3,2354.8,4,1.5974358974358973,True,False,False,False,False,False,False,True,False,True,False,False,True,False,True,False,1,0,0.01879837
1,52,1,1,1,1,0,1,1,108.1,5839.3,6,2.039622641509434,False,False,False,False,True,True,False,False,False,False,True,False,False,False,False,True,0,0,0.18811136
0,13,1,1,0,0,0,0,1,84.05,1095.3,3,6.003571428571428,True,True,True,False,False,True,False,False,False,False,False,True,False,True,False,False,1,1,0.5534898
0,62,1,0,0,0,0,1,1,94.0,5757.2,3,1.492063492063492,False,False,False,False,True,True,False,True,False,True,False,False,False,False,False,True,0,0,0.16268
0,16,1,0,0,0,0,0,0,69.95,1205.5,1,4.114705882352942,True,False,False,False,False,True,False,False,False,True,True,False,False,True,False,False,0,1,0.667869
0,66,0,1,1,1,1,1,1,62.5,4136.4,6,0.9328358208955224,False,False,False,True,False,False,False,False,True,True,False,False,False,False,False,True,0,0,0.00071676326
0,39,1,0,1,0,0,1,0,58.6,2224.5,3,1.465,False,False,False,False,False,False,False,True,False,True,True,False,False,False,True,False,0,0,0.04792387
0,1,1,0,0,1,1,0,0,62.05,62.05,3,31.025,True,False,False,False,True,False,False,False,False,False,False,False,True,False,False,False,1,0,0.44551352
0,15,0,1,1,1,1,0,0,45.9,693.45,4,2.86875,False,False,False,True,False,False,False,True,False,False,False,False,True,True,False,False,0,0,0.05083742
1,4,1,0,0,1,0,1,0,89.2,346.2,3,17.84,False,False,False,False,True,True,False,False,False,True,False,True,False,False,False,False,1,1,0.9031653
0,1,1,0,0,0,0,0,0,43.8,43.8,1,21.9,False,False,False,False,False,False,False,False,False,False,False,True,False,False,False,False,0,0,0.4518064
0,12,1,0,0,1,0,1,0,58.35,740.55,3,4.4884615384615385,False,True,True,False,False,False,False,False,False,True,True,False,False,False,False,False,0,0,0.09083619
0,3,0,1,0,0,0,0,0,29.7,91.7,1,7.425,False,True,True,True,False,False,False,False,False,False,True,False,False,False,False,False,1,0,0.042490743
0,2,0,0,0,1,0,1,1,49.25,90.35,3,16.416666666666668,True,False,False,True,False,False,False,False,False,True,False,True,False,False,False,False,1,1,0.9917836
0,1,1,0,0,0,0,0,0,43.85,43.85,1,21.925,True,False,False,False,False,False,False,False,False,True,False,False,False,False,False,False,0,0,0.46068028
0,33,1,0,0,0,0,0,0,20.1,670.35,1,0.5911764705882353,False,True,True,False,False,False,True,False,True,False,False,False,True,False,True,False,0,0,0.0050683664
0,72,1,0,0,1,0,1,1,94.65,6747.35,4,1.2965753424657536,True,True,False,False,False,True,False,False,False,True,False,True,False,False,False,True,0,0,0.03697453
0,72,1,0,1,0,0,1,1,97.7,6869.7,4,1.3383561643835618,False,True,False,False,True,True,False,False,True,True,True,False,False,False,False,True,0,0,0.016618812
0,70,1,1,0,1,0,1,0,68.95,4858.7,4,0.9711267605633803,True,True,True,False,True,False,False,False,True,False,True,False,False,False,False,True,0,0,0.17768435
0,12,1,0,0,1,0,1,1,95.7,1184.0,4,7.361538461538462,True,False,False,False,False,True,False,True,False,False,False,True,False,False,False,False,0,0,0.47543675
0,36,1,1,1,1,1,1,0,76.35,2606.35,6,2.0635135135135134,False,False,False,False,False,False,False,True,False,True,False,False,True,False,True,False,0,0,0.090249926
0,32,1,0,0,0,0,0,0,19.9,601.55,1,0.603030303030303,False,False,False,False,False,False,True,False,False,False,False,False,False,False,True,False,0,0,0.0059037968
0,39,1,0,0,0,0,0,0,19.9,791.15,1,0.49749999999999994,True,False,False,False,False,False,True,True,False,False,False,False,True,False,True,False,0,0,0.0041345176
1,63,1,0,1,1,0,1,1,103.5,6479.4,5,1.6171875,False,True,False,False,True,True,False,False,False,True,False,True,False,False,False,True,0,0,0.38347635
0,40,1,0,0,0,1,0,0,51.1,2092.9,2,1.2463414634146341,True,False,False,False,False,False,False,False,False,True,False,True,False,False,True,False,0,0,0.10805769
1,64,1,1,1,0,1,1,0,70.2,4481.0,5,1.08,False,False,False,False,False,False,False,False,True,True,True,False,False,False,False,True,1,0,0.001328021
0,28,1,1,1,0,0,0,0,56.05,1522.65,3,1.932758620689655,False,False,False,False,False,False,False,False,False,False,False,True,False,False,True,False,0,0,0.08765398
0,64,1,0,0,0,0,0,0,19.55,1240.15,1,0.3007692307692308,True,False,False,False,False,False,True,False,True,False,False,False,True,False,False,True,0,0,0.020859465
0,45,1,0,0,0,0,0,0,18.85,867.3,1,0.4097826086956522,True,False,False,False,False,False,True,True,False,False,False,False,False,False,True,False,0,0,0.0056049526
0,47,1,0,1,1,0,1,1,106.35,4849.1,5,2.2156249999999997,False,False,False,False,True,True,False,False,False,True,False,True,False,False,True,False,0,1,0.89712936
0,60,1,0,1,0,0,1,1,99.8,5985.75,4,1.6360655737704917,False,True,False,False,True,True,False,False,False,True,False,True,False,False,False,True,0,1,0.6283104
1,3,1,0,0,1,0,0,0,73.85,196.4,2,18.4625,False,False,False,False,False,True,False,False,False,False,False,True,False,False,False,False,0,1,0.6352237
0,5,1,1,0,0,1,0,0,54.2,308.25,3,9.033333333333333,False,False,False,False,False,False,False,False,False,False,False,True,False,False,False,False,1,0,0.20627382
0,1,1,0,0,1,0,0,0,49.85,49.85,2,24.925,True,False,True,False,False,False,False,False,False,True,False,True,False,False,False,False,0,1,0.97995603
0,59,1,0,0,0,0,0,0,24.45,1493.1,1,0.4075,False,False,False,False,True,False,True,False,True,False,False,True,False,False,False,True,0,0,0.012597825
0,30,1,1,1,1,1,1,1,85.35,2530.4,7,2.7532258064516126,False,False,False,False,False,False,False,True,False,False,False,False,False,False,True,False,1,0,0.040232196
1,29,1,0,0,0,1,1,1,98.65,2862.75,4,3.2883333333333336,False,False,False,False,True,True,False,False,False,False,False,True,False,False,True,False,1,1,0.73436785
1,3,0,0,0,1,0,0,1,41.15,132.2,2,10.2875,True,False,False,True,False,False,False,False,False,True,False,True,False,False,False,False,1,1,0.9612658
0,11,1,0,1,0,0,0,0,74.55,824.75,2,6.2124999999999995,True,False,False,False,False,True,False,False,False,True,False,True,False,False,False,False,1,1,0.6994727
0,1,1,0,0,0,0,0,0,20.8,20.8,1,10.4,True,False,False,False,False,False,True,False,False,False,False,False,True,False,False,False,0,0,0.46377242
0,58,1,0,0,0,0,0,0,24.5,1497.9,1,0.4152542372881356,False,True,True,False,True,False,True,True,False,True,True,False,False,False,False,True,0,0,0.0113316355
0,72,1,1,1,1,1,1,1,114.3,8058.55,7,1.5657534246575342,True,True,True,False,True,True,False,False,True,True,True,False,False,False,False,True,0,0,0.006301032
1,30,1,0,0,0,0,0,0,77.9,2351.45,1,2.512903225806452,True,True,False,False,True,True,False,False,False,False,False,False,True,False,True,False,0,1,0.5439266
1,25,1,0,1,0,0,1,0,89.5,2196.15,3,3.4423076923076925,True,False,False,False,True,True,False,False,False,True,False,True,False,False,True,False,1,1,0.9135333
0,53,1,0,1,0,1,0,0,80.6,4348.1,3,1.4925925925925925,True,False,False,False,False,True,False,False,False,True,False,False,True,False,False,True,0,0,0.05374891
0,67,1,0,0,0,0,0,0,20.85,1327.4,1,0.30661764705882355,False,True,False,False,False,False,True,True,False,True,False,False,False,False,False,True,0,0,0.004975306
0,29,1,0,0,0,0,0,0,20.0,540.05,1,0.6666666666666666,False,True,True,False,False,False,True,True,False,False,False,True,False,False,True,False,0,0,0.012813691
0,62,1,0,0,0,0,0,0,24.8,1476.25,1,0.39365079365079364,True,True,True,False,True,False,True,True,False,False,False,False,False,False,False,True,0,0,0.0062634083
0,6,1,0,0,1,0,1,1,94.5,575.45,4,13.5,True,False,True,False,False,True,False,False,False,False,False,False,True,False,False,False,1,0,0.4253355
0,62,1,0,0,0,0,0,0,24.25,1424.6,1,0.38492063492063494,True,True,True,False,True,False,True,False,True,True,False,False,False,False,False,True,0,0,0.0016253716
0,72,1,1,1,1,1,1,1,114.05,8468.2,7,1.5623287671232877,True,True,True,False,True,True,False,False,True,True,True,False,False,False,False,True,0,0,0.006301032
0,39,0,0,0,0,1,0,1,40.6,1494.5,2,1.0150000000000001,True,False,False,True,False,False,False,False,False,True,False,True,False,False,True,False,0,0,0.040601626
0,49,1,0,1,0,0,1,1,100.45,4941.8,4,2.009,False,True,True,False,True,True,False,True,False,False,False,False,True,False,False,True,1,0,0.028180616
0,47,1,0,0,0,0,0,0,26.9,1250.85,1,0.5604166666666667,False,True,False,False,True,False,True,True,False,False,False,True,False,False,True,False,0,0,0.018442586
0,35,1,0,1,0,1,0,0,85.3,2917.5,3,2.3694444444444445,False,False,False,False,True,True,False,False,False,False,True,False,False,False,True,False,1,0,0.4322736
0,0,1,0,0,0,0,0,0,20.25,1397.475,1,20.25,True,False,True,False,False,False,True,False,True,False,False,False,True,False,False,False,0,0,0.0064862873
0,25,1,1,1,1,0,0,0,61.6,1611.0,4,2.3692307692307693,True,True,True,False,False,False,False,True,False,True,False,False,False,False,True,False,0,0,0.06974112
0,57,1,0,0,0,0,0,0,19.4,1061.6,1,0.33448275862068966,True,True,True,False,False,False,True,True,False,False,False,False,True,False,False,True,0,0,0.05948965
0,21,1,0,0,1,1,1,1,106.1,2249.95,5,4.822727272727272,True,True,False,False,True,True,False,False,False,True,False,True,False,True,False,False,1,1,0.96514565
0,46,0,0,1,0,0,0,0,30.3,1380.1,1,0.6446808510638298,True,False,False,True,False,False,False,False,False,False,False,False,False,False,True,False,1,0,0.097194925
0,1,1,0,0,0,0,0,0,71.0,71.0,1,35.5,True,True,True,False,False,True,False,False,False,True,False,True,False,False,False,False,1,1,0.96120137
1,53,1,0,0,0,0,0,0,25.1,1275.6,1,0.46481481481481485,False,True,False,False,True,False,True,False,True,False,True,False,False,False,False,True,0,0,0.0037761775
0,1,1,0,0,0,0,0,1,79.6,79.6,2,39.8,False,False,True,False,False,True,False,False,False,True,False,True,False,False,False,False,1,1,0.93886644
1,5,1,0,0,0,0,0,0,71.45,371.6,1,11.908333333333333,True,False,False,False,False,True,False,False,False,True,False,False,True,False,False,False,0,1,0.6547154
0,62,1,0,0,0,0,0,0,23.4,1429.65,1,0.3714285714285714,True,False,False,False,True,False,True,False,True,False,False,False,False,False,False,True,0,0,0.004439656
1,2,0,0,0,0,0,0,0,24.45,47.5,0,8.15,True,False,False,True,False,False,False,False,False,True,False,False,True,False,False,False,1,1,0.9143442
0,72,1,0,0,0,0,0,0,24.75,1769.6,1,0.339041095890411,True,True,True,False,True,False,True,False,True,False,False,False,False,False,False,True,0,0,0.001379915
0,31,1,0,1,1,0,1,1,103.45,3066.45,5,3.2328125,True,False,False,False,True,True,False,True,False,True,False,True,False,False,True,False,1,0,0.3226891
1,56,1,1,1,1,1,0,0,68.45,4014.0,5,1.2008771929824562,False,True,False,False,True,False,False,True,False,True,True,False,False,False,False,True,0,0,0.06116728
1,19,1,1,0,0,0,0,1,87.3,1637.3,3,4.365,True,False,False,False,False,True,False,False,False,True,False,True,False,True,False,False,0,0,0.1968836
1,12,1,0,0,0,0,0,1,80.45,950.2,2,6.188461538461539,True,True,False,False,False,True,False,False,False,True,False,True,False,False,False,False,1,1,0.6751371
0,64,1,0,1,1,1,1,1,110.5,7069.25,6,1.7,False,False,False,False,True,True,False,False,True,True,True,False,False,False,False,True,0,0,0.024255712
0,71,1,0,1,1,0,0,1,93.25,6669.45,4,1.2951388888888888,True,True,False,False,True,True,False,False,False,True,False,False,False,False,False,True,0,0,0.042642295
0,3,0,0,0,0,0,0,0,24.75,66.95,0,6.1875,True,False,False,True,False,False,False,False,False,False,False,True,False,False,False,False,1,0,0.36791036
0,1,1,0,0,1,0,0,0,75.55,75.55,2,37.775,False,False,False,False,False,True,False,False,False,False,False,True,False,False,False,False,0,1,0.97555816
0,11,1,0,0,0,0,0,0,23.15,245.2,1,1.9291666666666665,True,False,False,False,True,False,True,False,False,False,True,False,False,False,False,False,1,0,0.10114771
0,4,1,0,0,0,0,0,0,50.7,214.55,1,10.14,False,False,False,False,True,False,False,False,False,False,False,True,False,False,False,False,0,1,0.6349399
1,2,1,0,0,0,0,1,1,93.85,196.75,3,31.28333333333333,True,False,False,False,True,True,False,False,False,True,False,True,False,False,False,False,1,1,0.95494497
0,4,1,0,0,1,1,0,0,87.1,341.45,3,17.419999999999998,False,False,True,False,True,True,False,False,False,True,False,False,True,False,False,False,1,1,0.9236889
0,1,0,0,0,0,0,0,0,24.8,24.8,0,12.4,False,True,False,True,False,False,False,False,False,True,False,True,False,False,False,False,1,1,0.6344406
0,15,1,0,1,0,0,1,0,83.2,1130.0,3,5.2,False,False,False,False,False,True,False,False,False,True,False,False,False,True,False,False,0,0,0.28650844
0,66,1,0,1,1,0,0,1,95.3,6273.4,4,1.4223880597014924,True,True,False,False,True,True,False,True,False,False,False,True,False,False,False,True,0,0,0.42299217
0,2,1,0,0,0,0,1,1,90.4,168.2,3,30.133333333333336,False,False,False,False,False,True,False,False,False,True,False,True,False,False,False,False,1,1,0.87265277
0,13,1,1,0,0,0,0,0,80.0,1029.35,2,5.714285714285714,False,False,False,False,True,True,False,False,False,True,True,False,False,True,False,False,0,0,0.17609967
0,1,1,0,0,0,0,0,0,19.4,19.4,1,9.7,True,False,False,False,False,False,True,False,False,False,False,False,True,False,False,False,1,1,0.73904616
0,3,1,0,0,0,0,0,0,19.3,54.7,1,4.825,False,True,True,False,False,False,True,False,False,False,False,False,True,False,False,False,0,0,0.05642144
0,65,1,0,0,0,0,0,0,26.5,1698.55,1,0.4015151515151515,False,False,False,False,True,False,True,False,True,False,False,False,False,False,False,True,0,0,0.0025588106
1,32,1,0,0,0,0,1,1,96.15,3019.25,3,2.913636363636364,True,False,False,False,True,True,False,False,False,True,True,False,False,False,True,False,1,1,0.9595359
1,5,1,0,0,0,0,1,1,91.4,449.75,3,15.233333333333334,True,False,False,False,False,True,False,False,False,True,False,True,False,False,False,False,1,1,0.9183608
0,62,1,0,1,1,1,1,1,84.5,5193.2,6,1.3412698412698412,False,False,False,False,True,False,False,False,True,False,False,False,False,False,False,True,0,0,0.0009851627
0,3,1,0,0,0,1,0,0,50.5,147.75,2,12.625,True,False,False,False,False,False,False,False,False,True,False,False,True,False,False,False,0,0,0.35848266
0,10,1,0,0,0,0,0,0,26.1,225.55,1,2.372727272727273,False,True,True,False,True,False,True,False,True,False,True,False,False,False,False,False,0,0,0.0069647687
0,63,1,1,1,1,1,0,0,68.8,4111.35,5,1.075,True,False,False,False,True,False,False,True,False,False,False,False,False,False,False,True,0,0,0.010742462
0,2,1,0,0,0,0,0,0,76.5,162.45,1,25.5,True,False,False,False,True,True,False,False,False,True,False,True,False,False,False,False,1,1,0.96549547
0,44,0,0,0,1,1,1,1,54.3,2317.1,4,1.2066666666666666,True,True,True,True,False,False,False,True,False,True,False,True,False,False,True,False,0,0,0.21248369
0,46,1,0,1,0,0,1,1,69.1,3168.0,4,1.4702127659574467,False,True,False,False,False,False,False,False,False,True,True,False,False,False,True,False,0,0,0.08358959
1,1,1,0,0,0,0,0,0,45.2,45.2,1,22.6,True,False,False,False,False,False,False,False,False,False,False,True,False,False,False,False,0,1,0.8046397
0,13,1,0,0,0,0,1,0,78.3,1033.95,2,5.5928571428571425,True,False,True,False,False,True,False,False,False,True,True,False,False,True,False,False,0,0,0.30431196
1,1,1,0,0,0,0,0,0,69.85,69.85,1,34.925,False,False,False,False,False,True,False,False,False,True,False,True,False,False,False,False,1,1,0.90771466
0,49,1,0,0,0,0,1,0,84.5,4254.85,2,1.69,True,True,True,False,True,True,False,False,False,False,False,True,False,False,False,True,1,0,0.47915152
0,6,1,0,0,0,0,1,1,93.55,536.4,3,13.364285714285714,False,False,False,False,True,True,False,False,False,True,False,False,False,False,False,False,1,1,0.94163996
1,18,1,0,1,0,1,0,0,85.45,1505.85,3,4.497368421052632,False,False,False,False,True,True,False,False,False,True,False,True,False,True,False,False,1,1,0.5845196
0,62,1,0,0,0,0,0,0,24.4,1413.0,1,0.38730158730158726,True,False,True,False,True,False,True,False,True,True,False,False,True,False,False,True,0,0,0.0021064307
0,60,1,1,1,0,1,1,1,79.05,4663.4,6,1.2959016393442622,True,True,True,False,False,False,False,False,False,True,True,False,False,False,False,True,0,0,0.0049658814
0,8,1,1,0,0,1,0,0,54.25,447.75,3,6.027777777777778,False,False,False,False,False,False,False,True,False,False,False,False,False,False,False,False,0,0,0.07581173
1,30,1,0,1,0,0,0,0,50.4,1527.5,2,1.6258064516129032,True,True,False,False,False,False,False,False,False,True,False,False,False,False,True,False,1,0,0.102113105
0,29,1,0,0,0,0,0,0,74.2,1993.25,1,2.4733333333333336,False,False,False,False,True,True,False,False,False,True,False,True,False,False,True,False,0,0,0.41316348
0,39,0,0,0,1,1,1,1,54.85,2191.7,4,1.37125,True,False,True,True,False,False,False,True,False,False,False,False,False,False,True,False,0,0,0.009174437
0,7,0,0,0,1,1,0,0,35.5,249.55,2,4.4375,True,False,False,True,False,False,False,True,False,True,True,False,False,False,False,False,0,1,0.67229885
0,3,1,0,0,0,0,0,0,46.1,130.15,1,11.525,False,True,False,False,False,False,False,False,False,True,False,False,True,False,False,False,0,1,0.7184605
1,9,1,0,0,0,0,0,1,83.85,790.15,2,8.385,True,False,False,False,True,True,False,False,False,True,False,True,False,False,False,False,1,1,0.90851414
0,27,1,0,0,0,0,0,0,19.85,470.0,1,0.7089285714285715,True,False,False,False,False,False,True,False,True,False,True,False,False,False,True,False,0,0,0.0023929146
0,16,1,0,0,0,0,0,0,75.4,1189.4,1,4.435294117647059,True,True,False,False,True,True,False,False,False,True,False,True,False,True,False,False,0,1,0.9467422
0,62,1,0,1,1,0,1,1,100.15,6283.3,5,1.5896825396825398,False,True,True,False,False,True,False,False,False,True,False,True,False,False,False,True,1,0,0.16626357
0,21,1,1,0,1,0,0,1,64.85,1336.8,4,2.9477272727272723,False,False,True,False,False,False,False,True,False,False,False,False,True,True,False,False,0,0,0.004272835
0,25,1,1,1,1,1,0,1,81.75,2028.8,6,3.144230769230769,True,False,False,False,True,False,False,False,False,False,False,False,False,False,True,False,0,0,0.020834558
0,15,1,0,0,0,0,0,0,19.65,270.6,1,1.228125,False,False,True,False,False,False,True,True,False,False,False,False,True,True,False,False,0,0,0.038340993
0,41,1,0,0,0,0,0,0,20.25,865.0,1,0.48214285714285715,False,False,True,False,False,False,True,True,False,True,True,False,False,False,True,False,0,0,0.0054981373
0,1,1,0,1,0,1,1,0,91.7,91.7,4,45.85,False,False,False,False,False,True,False,False,False,False,False,True,False,False,False,False,1,1,0.73632306
0,3,1,0,0,0,0,0,0,69.55,222.3,1,17.3875,False,False,False,False,False,True,False,False,False,True,False,False,False,False,False,False,1,0,0.25915208
0,40,1,0,0,0,0,0,0,20.4,745.3,1,0.49756097560975604,True,True,True,False,False,False,True,False,False,True,False,False,False,False,True,False,0,0,0.0027402134
0,43,1,0,1,0,0,0,0,77.85,3365.85,2,1.7693181818181818,True,False,False,False,True,True,False,False,False,True,False,True,False,False,True,False,1,0,0.26858395
0,20,0,1,0,1,1,0,0,39.4,825.4,3,1.8761904761904762,True,True,True,True,False,False,False,False,True,True,True,False,False,True,False,False,0,0,0.028537264
0,54,1,1,0,1,1,0,1,69.95,3871.85,5,1.271818181818182,False,True,True,False,False,False,False,False,True,False,False,False,False,False,False,True,0,0,0.016625453
0,2,1,0,0,0,0,1,0,80.25,144.55,2,26.75,True,False,False,False,False,True,False,False,False,True,False,True,False,False,False,False,1,1,0.8504798
0,34,1,1,1,1,1,1,1,116.15,3946.9,7,3.318571428571429,False,False,True,False,True,True,False,False,True,True,True,False,False,False,True,False,0,0,0.061203238
0,26,1,0,0,1,1,0,0,84.3,2281.6,3,3.1222222222222222,True,False,False,False,True,True,False,False,False,True,False,False,True,False,True,False,0,0,0.17793904
0,11,1,0,0,0,0,1,0,79.5,868.5,2,6.625,True,True,True,False,False,True,False,False,False,True,False,False,False,False,False,False,1,1,0.5615398
0,56,1,0,0,0,0,0,0,19.7,1051.9,1,0.34561403508771926,False,False,False,False,False,False,True,False,True,False,False,False,False,False,False,True,0,0,0.035452075
0,72,1,0,0,0,0,0,0,25.75,1864.2,1,0.3527397260273973,True,True,False,False,True,False,True,False,True,False,True,False,False,False,False,True,0,0,0.00021176215
1,8,0,0,0,1,0,0,0,29.4,221.9,1,3.2666666666666666,True,False,False,True,False,False,False,False,False,True,False,True,False,False,False,False,1,1,0.9255698
1,5,1,0,0,1,0,0,0,50.35,237.25,2,8.391666666666667,True,False,False,False,False,False,False,False,False,False,False,True,False,False,False,False,1,0,0.23910733
0,41,1,0,1,0,0,0,0,80.25,3439.0,2,1.9107142857142858,True,True,False,False,True,True,False,False,False,True,False,True,False,False,True,False,0,0,0.33499357
0,9,0,0,0,0,0,0,0,24.1,259.8,0,2.41,True,True,False,True,False,False,False,True,False,False,False,False,False,False,False,False,1,0,0.25406438
0,3,1,0,0,1,0,1,1,101.55,298.35,4,25.3875,True,False,False,False,True,True,False,False,False,True,False,False,False,False,False,False,1,1,0.95241475
1,35,1,0,1,0,1,1,1,76.05,2747.2,5,2.1125,True,True,True,False,False,False,False,False,False,True,False,True,False,False,True,False,0,0,0.015776569
0,2,1,0,0,0,1,0,0,50.2,109.25,2,16.733333333333334,True,False,False,False,False,False,False,False,False,True,True,False,False,False,False,False,0,0,0.32567328
0,8,1,0,0,0,1,1,1,68.55,564.35,4,7.616666666666666,False,True,True,False,False,False,False,False,False,True,False,True,False,False,False,False,0,0,0.16656709
0,66,1,0,1,1,0,1,1,105.2,6936.85,5,1.5701492537313433,False,True,False,False,True,True,False,False,False,True,False,True,False,False,False,True,0,1,0.7237303
0,19,1,1,1,0,0,0,1,95.15,1789.25,4,4.7575,False,False,False,False,True,True,False,False,False,True,False,True,False,True,False,False,1,0,0.42242795
0,72,1,1,1,1,1,1,1,92.3,6719.9,7,1.2643835616438355,True,True,False,False,True,False,False,False,True,False,True,False,False,False,False,True,0,0,0.013022017
1,54,0,0,1,1,0,1,1,55.45,2966.95,4,1.0081818181818183,True,False,False,True,False,False,False,True,False,True,False,True,False,False,False,True,0,1,0.7390916
0,9,1,0,1,0,1,1,0,65.6,593.3,4,6.56,False,True,True,False,False,False,False,True,False,True,False,False,True,False,False,False,0,0,0.08724693
0,52,0,1,1,1,0,1,1,58.75,3038.55,5,1.1084905660377358,False,False,False,True,False,False,False,False,True,True,False,False,False,False,False,True,0,0,0.013055476
0,49,1,1,1,0,1,0,0,59.6,2970.3,4,1.192,True,True,True,False,False,False,False,False,False,False,True,False,False,False,False,True,0,0,0.2494237
1,72,1,0,1,1,0,1,1,105.0,7578.05,5,1.4383561643835616,False,True,False,False,True,True,False,True,False,False,True,False,False,False,False,True,0,0,0.043765903
0,41,1,0,0,0,1,0,0,74.25,3089.1,2,1.7678571428571428,True,False,False,False,False,True,False,False,False,True,False,True,False,False,True,False,0,1,0.5565504
0,34,1,1,0,1,1,1,1,79.95,2727.3,6,2.2842857142857143,False,False,False,False,False,False,False,True,False,True,False,False,False,False,True,False,0,0,0.030821426
0,60,1,0,1,1,0,1,1,105.9,6396.45,5,1.736065573770492,False,False,False,False,True,True,False,False,False,True,False,True,False,False,False,True,1,1,0.5019709
1,33,1,0,1,1,0,0,0,83.85,2716.3,3,2.466176470588235,True,False,False,False,True,True,False,False,False,True,True,False,False,False,True,False,1,1,0.62748617
0,71,1,1,1,0,0,1,0,95.65,6856.95,4,1.3284722222222223,False,True,False,False,True,True,False,True,False,False,False,False,True,False,False,True,0,0,0.0061186333
0,2,0,1,1,0,0,0,1,42.6,72.4,3,14.200000000000001,False,False,False,True,False,False,False,False,False,True,False,True,False,False,False,False,1,1,0.6753654
0,62,1,0,0,0,0,1,1,70.45,4300.45,3,1.1182539682539683,False,True,True,False,True,False,False,False,False,True,True,False,False,False,False,True,0,0,0.12411113
0,71,1,1,0,1,1,1,1,82.55,5832.65,6,1.1465277777777778,True,True,False,False,False,False,False,False,True,True,False,True,False,False,False,True,0,0,0.0055063693
1,64,1,0,0,0,0,0,0,24.4,1548.65,1,0.37538461538461537,True,True,True,False,True,False,True,False,True,True,False,False,False,False,False,True,0,0,0.0008199208
0,8,1,0,0,0,0,0,1,84.9,764.95,2,9.433333333333334,False,True,False,False,True,True,False,False,False,True,False,True,False,False,False,False,1,1,0.9268988
0,1,1,0,1,0,0,0,0,74.3,74.3,2,37.15,False,False,False,False,False,True,False,False,False,True,True,False,False,False,False,False,1,1,0.52388793
1,4,1,0,0,0,0,1,0,83.25,308.05,2,16.65,False,True,False,False,True,True,False,False,False,True,False,True,False,False,False,False,0,1,0.9027714
0,64,1,1,1,1,1,1,1,115.0,7396.15,7,1.7692307692307692,False,True,False,False,True,True,False,True,False,True,False,True,False,False,False,True,0,0,0.04396298
0,63,1,0,1,0,1,0,1,67.25,4234.15,4,1.05078125,True,True,False,False,True,False,False,False,True,False,False,False,True,False,False,True,0,0,0.0012064633
0,29,0,1,1,1,1,0,0,45.0,1242.45,4,1.5,True,False,True,True,False,False,False,False,False,True,False,False,True,False,True,False,0,0,0.021873293
1,5,1,1,1,0,0,0,0,80.7,374.8,3,13.450000000000001,False,False,False,False,False,True,False,False,False,False,False,True,False,False,False,False,0,0,0.15079094
1,30,1,0,1,1,0,0,0,79.65,2365.15,3,2.5693548387096774,True,True,False,False,False,True,False,False,False,True,False,False,True,False,True,False,1,1,0.519968
0,51,1,0,1,0,1,1,1,78.65,3950.85,5,1.5125000000000002,False,True,False,False,True,False,False,True,False,True,True,False,False,False,False,True,0,0,0.06979482
0,9,1,0,0,0,0,0,0,44.2,403.35,1,4.42,False,False,False,False,False,False,False,False,False,True,False,False,False,False,False,False,1,0,0.24844363
0,50,1,0,0,0,0,1,0,84.4,4116.15,2,1.6549019607843138,False,True,True,False,True,True,False,False,False,True,False,False,False,False,False,True,1,0,0.2638326
1,25,1,0,1,0,0,1,0,88.95,2291.2,3,3.4211538461538464,True,False,False,False,True,True,False,False,False,True,False,True,False,False,True,False,1,1,0.89182913
0,56,1,0,1,0,1,1,1,107.25,6033.3,5,1.881578947368421,True,True,False,False,True,True,False,True,False,True,False,True,False,False,False,True,0,0,0.24463265
0,64,1,0,0,0,0,0,0,24.8,1514.85,1,0.38153846153846155,True,True,True,False,True,False,True,False,True,True,False,False,True,False,False,True,0,0,0.0012760516
0,42,1,0,0,1,1,1,1,100.4,4303.65,5,2.334883720930233,False,True,True,False,False,True,False,False,True,True,False,True,False,False,True,False,0,0,0.034918245
0,10,0,1,0,0,0,0,0,29.75,301.9,1,2.7045454545454546,False,False,False,True,False,False,False,False,False,False,False,False,True,False,False,False,0,0,0.12034015
0,63,1,1,1,1,1,0,0,63.55,4014.2,5,0.99296875,False,True,True,False,False,False,False,False,True,False,False,False,True,False,False,True,0,0,0.0034020431
0,27,0,0,1,1,0,0,1,45.85,1246.4,3,1.6375,True,True,True,True,False,False,False,True,False,True,True,False,False,False,True,False,0,0,0.15811445
0,44,1,1,0,1,0,0,0,84.8,3626.35,3,1.8844444444444444,True,True,False,False,True,True,False,False,False,True,True,False,False,False,True,False,0,0,0.11841312
0,1,0,0,0,0,0,0,0,25.15,25.15,0,12.575,True,False,False,True,False,False,False,False,False,True,False,True,False,False,False,False,1,1,0.803262
0,18,0,1,0,1,0,0,0,33.6,550.35,2,1.7684210526315791,True,False,False,True,False,False,False,False,False,False,False,False,True,True,False,False,0,0,0.061249584
1,42,1,0,0,0,0,1,0,84.65,3541.35,2,1.9686046511627908,False,False,False,False,True,True,False,False,False,True,False,True,False,False,True,False,1,0,0.3211301
0,6,1,0,0,0,0,0,0,19.7,94.45,1,2.814285714285714,False,True,True,False,False,False,True,True,False,False,False,False,True,False,False,False,0,0,0.043605946
0,50,0,1,1,0,0,0,0,35.0,1782.4,2,0.6862745098039216,True,False,False,True,False,False,False,False,False,True,False,False,True,False,False,True,0,0,0.009169973
0,33,1,0,0,0,0,0,0,24.25,838.5,1,0.7132352941176471,False,True,True,False,True,False,True,False,False,False,False,False,False,False,True,False,0,0,0.18008237
0,7,0,1,0,0,0,0,0,29.8,201.95,1,3.725,False,False,True,True,False,False,False,False,False,False,False,False,True,False,False,False,0,0,0.058933504
0,7,1,0,0,0,0,0,0,44.65,322.5,1,5.58125,True,False,False,False,False,False,False,False,False,True,False,False,False,False,False,False,0,0,0.16554043
0,24,0,0,1,1,0,1,1,54.15,1240.25,4,2.166,False,False,False,True,False,False,False,False,False,True,True,False,False,True,False,False,1,0,0.075048186
0,61,1,0,1,1,0,1,1,103.95,6423.0,5,1.6766129032258066,False,False,False,False,True,True,False,True,False,True,False,True,False,False,False,True,0,1,0.7619894
0,13,1,0,0,0,0,0,1,80.85,1008.7,2,5.7749999999999995,True,False,False,False,False,True,False,False,False,True,False,True,False,True,False,False,1,1,0.6007931
0,1,0,1,0,0,0,0,0,29.7,29.7,1,14.85,True,False,False,True,False,False,False,False,False,False,False,False,True,False,False,False,1,0,0.24097833
1,46,1,0,0,1,0,1,1,98.85,4564.9,4,2.103191489361702,True,True,False,False,True,True,False,False,False,True,False,True,False,False,True,False,0,1,0.7683496
1,7,1,0,1,0,0,0,0,51.3,419.35,2,6.4125,False,False,False,False,False,False,False,False,False,True,False,False,True,False,False,False,0,0,0.07733965
0,71,1,1,1,1,1,1,1,86.1,6045.9,7,1.1958333333333333,True,True,False,False,False,False,False,False,True,True,False,False,False,False,False,True,0,0,0.00069789874
0,18,0,1,1,0,1,0,0,40.2,711.95,3,2.115789473684211,False,False,False,True,False,False,False,True,False,True,False,False,True,True,False,False,0,0,0.0065037087
0,9,0,0,1,0,0,0,0,29.95,248.95,1,2.995,True,True,True,True,False,False,False,False,False,True,False,True,False,False,False,False,1,1,0.6760825
0,66,1,0,1,1,1,1,1,79.5,5196.1,6,1.1865671641791045,True,False,True,False,False,False,False,False,True,True,True,False,False,False,False,True,0,0,0.07422737
0,6,1,0,0,0,0,0,0,69.8,377.85,1,9.971428571428572,True,True,True,False,False,True,False,False,False,True,False,True,False,False,False,False,0,1,0.9142743
0,2,1,0,0,0,0,1,0,80.2,146.05,2,26.733333333333334,False,False,False,False,False,True,False,False,False,True,False,True,False,False,False,False,1,1,0.72119457
0,35,1,1,1,1,0,0,0,60.55,1982.6,4,1.6819444444444445,False,False,False,False,False,False,False,False,False,False,False,True,False,False,True,False,0,0,0.11564763
0,12,1,1,0,0,0,0,0,78.95,927.35,2,6.073076923076924,False,False,False,False,True,True,False,False,False,True,False,True,False,False,False,False,1,1,0.6071782
0,53,1,0,0,0,0,0,0,25.55,1336.1,1,0.47314814814814815,True,True,True,False,True,False,True,False,True,False,True,False,False,False,False,True,0,0,0.0034873295
0,52,1,1,0,1,0,1,0,64.3,3410.6,4,1.2132075471698112,False,True,False,False,False,False,False,True,False,True,False,False,True,False,False,True,0,0,0.005530072
0,46,1,0,0,0,0,0,0,20.05,902.0,1,0.4265957446808511,True,False,False,False,False,False,True,False,True,False,False,False,False,False,True,False,0,0,0.0066147093
0,32,1,0,0,0,0,0,0,69.75,2347.9,1,2.1136363636363638,True,True,True,False,False,True,False,False,False,True,False,False,False,False,True,False,1,1,0.6059283
1,1,1,0,0,0,0,0,0,45.1,45.1,1,22.55,False,False,False,False,False,False,False,False,False,False,False,False,True,False,False,False,1,0,0.4772141
0,3,1,1,0,1,0,0,0,55.9,157.55,3,13.975,True,False,True,False,False,False,False,False,False,False,False,False,True,False,False,False,0,0,0.17557317
1,59,0,1,0,1,1,1,1,64.05,3886.85,5,1.0675,True,True,False,True,False,False,False,False,True,True,True,False,False,False,False,True,0,0,0.016275797
0,1,1,0,0,0,0,0,0,43.95,43.95,1,21.975,False,False,False,False,False,False,False,False,False,False,False,False,True,False,False,False,1,0,0.26675597
1,13,1,0,1,1,0,1,1,98.0,1237.85,5,7.0,True,True,False,False,False,True,False,False,False,True,False,True,False,True,False,False,1,1,0.56937146
0,70,1,0,0,0,0,0,0,20.05,1360.25,1,0.2823943661971831,True,True,True,False,False,False,True,False,True,False,True,False,False,False,False,True,0,0,0.00022733926
0,31,1,1,1,1,1,1,0,72.45,2156.25,6,2.2640625,True,False,False,False,False,False,False,False,False,True,False,False,False,False,True,False,0,0,0.19890612
0,15,1,0,0,0,0,0,0,19.8,272.95,1,1.2375,False,True,True,False,False,False,True,False,False,False,False,False,True,True,False,False,0,0,0.18525876
0,1,1,0,0,0,0,0,0,19.2,19.2,1,9.6,True,False,False,False,False,False,True,False,False,False,False,False,True,False,False,False,0,0,0.48907578
0,70,1,0,1,1,1,1,1,84.8,5917.55,6,1.1943661971830986,False,True,False,False,True,False,False,False,True,True,False,False,False,False,False,True,0,0,0.0020820037
0,1,1,0,0,0,0,0,0,70.85,70.85,1,35.425,False,False,False,False,False,True,False,False,False,True,False,True,False,False,False,False,1,1,0.91393816
0,70,1,1,0,0,1,1,1,75.35,5437.75,5,1.0612676056338028,False,True,True,False,False,False,False,False,True,False,True,False,False,False,False,True,0,0,0.014385087
0,32,1,0,0,0,0,0,0,20.5,696.8,1,0.6212121212121212,True,False,True,False,False,False,True,False,True,False,False,False,True,False,True,False,0,0,0.027899036
0,49,0,0,1,0,1,1,1,56.3,2780.6,4,1.126,False,True,False,True,False,False,False,True,False,True,True,False,False,False,False,True,0,0,0.29493648
0,36,1,1,0,1,1,1,1,89.65,3348.1,6,2.422972972972973,False,False,False,False,True,False,False,True,False,True,True,False,False,False,True,False,0,0,0.038895715
0,52,0,0,1,1,1,1,0,50.2,2554.0,4,0.9471698113207547,True,True,True,True,False,False,False,False,True,False,False,False,True,False,False,True,0,0,0.04029042
0,72,1,0,1,1,1,1,1,88.6,6201.95,6,1.2136986301369863,True,False,False,False,True,False,False,False,True,True,False,False,False,False,False,True,0,0,0.00033550186
0,2,1,0,1,0,0,0,0,50.3,92.75,2,16.766666666666666,True,False,False,False,False,False,False,False,False,True,False,False,True,False,False,False,0,1,0.62062156
0,15,1,0,0,0,0,0,0,19.8,309.4,1,1.2375,True,False,False,False,False,False,True,False,False,True,False,False,True,True,False,False,0,0,0.050831486
1,16,1,1,1,0,0,0,0,54.55,825.1,3,3.2088235294117644,True,True,False,False,False,False,False,False,False,True,False,False,False,True,False,False,0,0,0.055222683
0,33,1,1,1,0,1,0,0,61.05,2018.4,4,1.7955882352941175,True,True,False,False,False,False,False,False,True,True,False,False,True,False,True,False,0,0,0.01795267
0,7,1,0,0,0,0,0,0,20.05,164.85,1,2.50625,False,False,False,False,False,False,True,False,False,False,False,False,True,False,False,False,1,0,0.034558572
0,8,1,1,0,0,0,0,0,75.0,658.1,2,8.333333333333334,True,True,False,False,False,True,False,False,False,True,False,False,True,False,False,False,0,0,0.4591737
0,15,1,0,0,0,0,0,0,26.35,378.6,1,1.646875,True,False,False,False,True,False,True,False,False,True,False,True,False,True,False,False,0,0,0.30368263
0,34,1,0,1,1,0,1,1,106.35,3549.25,5,3.0385714285714283,True,False,False,False,True,True,False,False,False,True,False,True,False,False,True,False,1,1,0.8772236
1,3,0,0,0,0,0,1,0,36.45,93.7,1,9.1125,True,True,False,True,False,False,False,False,False,True,False,False,True,False,False,False,1,1,0.9029456
0,43,1,0,0,0,1,1,1,100.0,4211.55,4,2.272727272727273,True,False,False,False,True,True,False,True,False,True,False,True,False,False,True,False,1,1,0.6209098
1,39,1,0,0,1,0,1,1,99.75,4036.0,4,2.49375,False,False,False,False,True,True,False,False,False,True,False,True,False,False,True,False,0,0,0.45455012
0,5,1,0,0,1,1,1,1,75.15,392.65,5,12.525,True,False,False,False,False,False,False,False,False,False,False,False,False,False,False,False,0,0,0.098367184
0,48,1,0,0,0,0,0,0,26.3,1245.05,1,0.536734693877551,True,True,True,False,True,False,True,False,True,False,False,False,False,False,True,False,0,0,0.00046513905
1,71,1,1,1,1,1,1,1,109.7,7904.25,7,1.5236111111111112,False,True,False,False,False,True,False,False,True,True,False,False,False,False,False,True,0,0,0.001596109
0,67,1,1,0,1,0,1,1,79.7,5293.4,5,1.1720588235294118,True,True,True,False,True,False,False,False,True,True,False,True,False,False,False,True,1,0,0.06421556
0,57,1,1,1,0,1,0,0,59.6,3509.4,4,1.0275862068965518,True,True,True,False,False,False,False,True,False,False,False,False,True,False,False,True,0,0,0.080440216
0,0,1,1,1,1,0,1,1,80.85,1397.475,6,80.85,False,True,True,False,False,False,False,False,True,False,False,False,True,False,False,False,0,0,0.009831652
0,8,0,1,0,0,0,0,0,29.35,216.45,1,3.261111111111111,True,False,False,True,False,False,False,False,False,False,False,False,True,False,False,False,0,0,0.148241
0,9,0,1,1,1,0,0,0,39.55,373.0,3,3.9549999999999996,True,False,False,True,False,False,False,True,False,False,False,False,True,False,False,False,0,0,0.078872696
0,6,1,0,1,0,0,0,1,90.75,512.25,3,12.964285714285714,False,True,False,False,True,True,False,False,False,True,False,True,False,False,False,False,0,1,0.9292723
0,63,1,1,0,1,1,0,1,71.9,4479.2,5,1.1234375,True,False,False,False,True,False,False,False,True,True,False,False,False,False,False,True,0,0,0.0054248744
1,11,1,0,0,1,0,0,0,78.1,864.85,2,6.508333333333333,False,True,True,False,True,True,False,False,False,True,True,False,False,False,False,False,0,0,0.4072566
0,5,1,0,0,0,0,1,1,94.85,462.8,3,15.808333333333332,True,False,False,False,True,True,False,False,False,True,False,False,False,False,False,False,1,1,0.97114325
0,1,1,0,0,0,0,0,0,20.15,20.15,1,10.075,True,False,False,False,False,False,True,False,False,False,False,False,True,False,False,False,1,1,0.69881606
0,61,1,1,1,1,1,1,1,88.1,5526.75,7,1.4209677419354838,False,True,True,False,True,False,False,False,True,False,False,False,True,False,False,True,0,0,0.00048684023
0,69,0,0,1,1,0,1,1,54.95,3772.5,4,0.785,False,True,True,True,False,False,False,False,True,True,True,False,False,False,False,True,0,0,0.017438203
0,50,1,0,0,0,0,0,0,24.9,1195.25,1,0.48823529411764705,True,False,False,False,True,False,True,False,True,False,False,False,False,False,False,True,0,0,0.0033203773
0,36,1,0,0,0,0,0,0,20.0,666.75,1,0.5405405405405406,True,True,False,False,False,False,True,True,False,False,False,False,True,False,True,False,0,0,0.0033514777
0,35,1,0,0,0,0,0,0,20.1,655.3,1,0.5583333333333333,True,True,True,False,False,False,True,False,True,False,False,False,True,False,True,False,0,0,0.002358608
1,43,1,0,1,0,1,1,0,94.3,3953.15,4,2.143181818181818,True,True,False,False,True,True,False,False,False,True,False,True,False,False,True,False,0,0,0.11415125
0,30,1,0,1,1,1,0,1,70.25,2198.9,5,2.2661290322580645,False,True,False,False,False,False,False,True,False,False,False,False,False,False,True,False,0,0,0.03530594
0,39,0,0,0,1,0,0,0,30.1,1131.3,1,0.7525000000000001,False,False,True,True,False,False,False,False,False,False,True,False,False,False,True,False,1,0,0.14471057
1,70,1,0,1,1,1,1,0,75.5,5212.65,5,1.0633802816901408,False,False,False,False,True,False,False,False,True,True,False,False,False,False,False,True,0,0,0.0054236655
0,64,1,0,0,0,0,0,0,19.45,1208.6,1,0.29923076923076924,False,True,False,False,False,False,True,False,True,False,True,False,False,False,False,True,0,0,0.0020296625
0,63,1,0,1,0,0,0,1,91.35,5764.7,3,1.42734375,True,True,True,False,True,True,False,True,False,True,False,True,False,False,False,True,0,1,0.75098306
0,9,1,1,0,1,1,1,0,69.5,653.25,5,6.95,True,False,False,False,False,False,False,False,False,True,False,False,True,False,False,False,0,0,0.3579556
0,62,1,1,0,0,1,0,1,65.1,3846.75,4,1.0333333333333332,False,False,False,False,False,False,False,False,True,True,False,False,True,False,False,True,0,0,0.0028681254
1,20,1,0,0,0,0,1,1,89.95,1648.45,3,4.283333333333333,True,False,False,False,False,True,False,False,False,False,False,True,False,True,False,False,0,0,0.25111672
0,6,1,0,1,0,0,0,1,83.55,477.55,3,11.935714285714285,True,True,True,False,False,True,False,False,False,True,True,False,False,False,False,False,1,1,0.7065647
0,25,1,0,0,0,0,0,0,26.8,733.55,1,1.0307692307692309,False,True,False,False,True,False,True,True,False,True,False,False,True,False,True,False,0,0,0.35106805
0,42,1,0,0,0,0,1,1,94.2,4186.3,3,2.1906976744186046,False,True,True,False,True,True,False,False,False,True,False,True,False,False,True,False,1,1,0.54420966
0,12,1,0,0,0,0,0,1,78.1,947.3,2,6.007692307692308,False,False,False,False,False,True,False,False,False,False,False,False,False,False,False,False,1,0,0.21212636
0,72,1,1,1,1,0,1,1,109.55,7887.25,6,1.5006849315068493,False,True,True,False,True,True,False,False,True,False,True,False,False,False,False,True,0,0,0.0035063077
0,3,1,0,0,0,0,0,0,75.5,220.6,1,18.875,False,False,False,False,True,True,False,False,False,True,False,True,False,False,False,False,1,1,0.7600252
0,62,1,1,1,0,0,0,0,56.15,3487.95,3,0.8912698412698412,True,False,True,False,False,False,False,True,False,False,False,False,False,False,False,True,0,0,0.00044627875
0,72,1,0,0,0,0,0,0,26.1,1851.45,1,0.3575342465753425,True,True,True,False,True,False,True,False,True,False,False,False,True,False,False,True,0,0,0.0001366767
0,7,1,1,0,0,0,0,1,59.1,369.25,3,7.3875,False,False,False,False,False,False,False,True,False,True,False,True,False,False,False,False,0,0,0.1325872
1,13,1,0,1,0,0,1,0,59.9,788.35,3,4.2785714285714285,True,False,False,False,False,False,False,False,False,True,False,True,False,True,False,False,0,0,0.34677735
0,16,1,0,0,0,0,0,0,19.75,313.4,1,1.161764705882353,True,True,True,False,False,False,True,False,False,False,False,True,False,True,False,False,0,0,0.31500378
0,67,1,1,0,1,1,0,1,67.85,4627.65,5,0.9977941176470587,True,True,True,False,False,False,False,False,True,False,False,False,True,False,False,True,0,0,0.010706432
0,2,1,0,0,0,0,0,0,20.45,34.8,1,6.816666666666666,False,False,False,False,False,False,True,True,False,False,False,False,True,False,False,False,0,0,0.106576696
0,66,1,0,0,0,0,0,0,25.1,1697.7,1,0.37462686567164183,True,False,False,False,True,False,True,False,True,False,False,False,True,False,False,True,0,0,0.0012021855
0,6,0,1,1,1,1,1,1,63.4,348.8,6,9.057142857142857,False,False,False,True,False,False,False,False,True,True,False,False,True,False,False,False,0,0,0.06738005
1,35,1,1,1,0,1,1,0,100.5,3653.35,5,2.7916666666666665,False,True,False,False,True,True,False,False,False,True,False,False,False,False,True,False,1,0,0.098768346
0,3,1,0,0,0,0,0,0,19.95,58.0,1,4.9875,False,False,False,False,False,False,True,False,False,False,False,False,True,False,False,False,0,0,0.25099483
1,45,1,1,0,1,0,0,1,62.7,2791.5,4,1.3630434782608696,True,False,False,False,False,False,False,True,False,False,True,False,False,False,True,False,1,0,0.013934722
0,60,1,1,0,1,1,1,1,109.45,6572.85,6,1.7942622950819673,True,True,False,False,True,True,False,False,False,True,False,False,False,False,False,True,0,0,0.1370823
0,17,0,0,1,1,0,0,0,35.65,646.05,2,1.9805555555555554,False,True,False,True,False,False,False,False,False,True,True,False,False,True,False,False,0,0,0.49744022
0,72,1,0,0,0,0,0,0,25.55,1867.7,1,0.35000000000000003,True,True,True,False,True,False,True,False,True,False,True,False,False,False,False,True,0,0,0.00010968081
0,67,1,0,0,0,0,0,0,25.6,1784.9,1,0.3764705882352941,True,True,False,False,True,False,True,False,True,False,True,False,False,False,False,True,0,0,0.00025990355
0,4,1,0,0,1,0,0,0,73.9,280.85,2,14.780000000000001,True,False,False,False,False,True,False,False,False,True,False,True,False,False,False,False,1,1,0.8997892
0,52,1,0,0,0,0,0,0,23.05,1255.1,1,0.4349056603773585,False,True,True,False,True,False,True,False,True,False,False,False,True,False,False,True,0,0,0.0011760662
0,37,1,0,0,0,0,1,1,91.2,3247.55,3,2.4,True,True,True,False,False,True,False,True,False,False,True,False,False,False,True,False,0,0,0.10888963
0,12,1,1,1,1,0,0,0,84.6,959.9,4,6.507692307692308,True,True,False,False,False,True,False,False,False,True,False,True,False,False,False,False,0,1,0.7943804
0,48,1,0,0,0,0,0,0,23.55,1173.35,1,0.4806122448979592,True,True,True,False,True,False,True,False,True,False,False,False,True,False,True,False,0,0,0.0015999472
0,70,0,0,1,1,1,1,1,58.4,4113.15,5,0.8225352112676056,False,True,True,True,False,False,False,True,False,True,False,False,False,False,False,True,0,0,0.010666928
1,1,1,0,0,0,0,0,0,70.85,70.85,1,35.425,True,True,False,False,False,True,False,False,False,False,False,False,True,False,False,False,1,1,0.8829337
0,7,1,0,0,0,0,0,0,20.25,129.15,1,2.53125,False,False,False,False,False,False,True,True,False,False,False,False,True,False,False,False,0,0,0.026173946
0,3,1,0,0,0,0,0,0,20.0,63.6,1,5.0,False,False,False,False,False,False,True,False,False,False,False,False,True,False,False,False,0,0,0.09867901
0,1,1,1,0,0,0,0,0,75.3,75.3,2,37.65,False,False,False,False,False,True,False,False,False,False,False,False,True,False,False,False,1,0,0.47581306
0,1,1,0,0,0,0,0,0,24.05,24.05,1,12.025,True,False,False,False,True,False,True,False,False,True,False,False,True,False,False,False,1,0,0.3936625
0,1,1,0,0,0,0,0,0,76.0,76.0,1,38.0,False,False,False,False,True,True,False,False,False,False,False,True,False,False,False,False,1,1,0.96675694
0,72,1,1,1,1,1,1,1,115.05,8405.0,7,1.5760273972602739,False,False,False,False,True,True,False,False,True,False,True,False,False,False,False,True,0,0,0.0018392929
1,1,1,0,0,0,0,0,0,74.3,74.3,1,37.15,True,True,False,False,True,True,False,False,False,False,False,True,False,False,False,False,0,1,0.9401422
0,18,1,0,0,0,0,0,0,24.65,471.35,1,1.2973684210526315,False,True,True,False,True,False,True,False,True,True,True,False,False,True,False,False,0,0,0.07013202
0,40,1,1,1,0,1,0,1,71.35,2847.2,5,1.7402439024390242,False,True,True,False,False,False,False,False,False,True,False,False,True,False,True,False,0,0,0.021184267
1,32,1,0,0,0,0,0,1,79.5,2665.0,2,2.409090909090909,False,False,False,False,False,True,False,False,False,True,False,True,False,False,True,False,0,0,0.45468298
0,1,1,0,0,0,0,0,0,19.45,19.45,1,9.725,True,False,False,False,False,False,True,False,False,False,False,False,True,False,False,False,0,1,0.70468134
0,53,1,0,0,0,0,0,0,19.85,1049.6,1,0.36759259259259264,False,False,False,False,False,False,True,False,True,False,True,False,False,False,False,True,0,0,0.01960912
1,57,1,0,1,0,0,0,1,89.85,4925.35,3,1.5491379310344826,True,True,False,False,True,True,False,False,False,True,False,True,False,False,False,True,0,0,0.21297576
0,9,1,0,0,0,0,0,0,44.95,431.0,1,4.495,True,False,False,False,False,False,False,False,False,False,False,False,True,False,False,False,1,0,0.16350712
0,24,1,0,1,1,0,1,1,104.65,2542.45,5,4.186,True,True,False,False,True,True,False,False,False,True,False,True,False,True,False,False,1,1,0.8603191
0,2,0,0,0,0,0,0,0,24.9,49.7,0,8.299999999999999,True,False,False,True,False,False,False,False,False,True,True,False,False,False,False,False,0,1,0.5331424
0,68,1,0,0,0,0,0,0,19.95,1303.25,1,0.2891304347826087,True,True,True,False,False,False,True,False,True,True,False,False,False,False,False,True,0,0,0.00078281754
1,55,1,0,0,1,0,1,1,100.15,5409.75,4,1.7883928571428573,False,False,False,False,True,True,False,True,False,True,False,True,False,False,False,True,0,1,0.83037025
0,68,1,0,1,1,1,1,1,85.3,5560.0,6,1.236231884057971,False,True,True,False,True,False,False,False,True,False,False,False,False,False,False,True,0,0,0.0021356093
0,60,0,0,1,0,0,1,1,49.75,3069.45,3,0.8155737704918032,False,True,True,True,False,False,False,False,False,True,False,True,False,False,False,True,0,0,0.22672519
1,71,1,0,0,0,0,0,0,24.85,1901.0,1,0.3451388888888889,True,True,False,False,True,False,True,False,True,False,False,False,False,False,False,True,0,0,0.00049337733
0,67,1,0,1,1,0,1,1,104.1,7040.85,5,1.5308823529411764,True,True,False,False,True,True,False,True,False,False,False,True,False,False,False,True,1,1,0.83936495
0,51,1,0,0,1,0,1,1,98.85,4947.55,4,1.9009615384615384,False,True,False,False,True,True,False,True,False,True,False,True,False,False,False,True,0,1,0.6228643
0,2,1,0,0,0,0,0,0,70.15,123.8,1,23.383333333333336,False,False,False,False,False,True,False,False,False,True,False,True,False,False,False,False,0,1,0.72340465
0,1,0,1,0,0,0,0,0,29.9,29.9,1,14.95,False,False,False,True,False,False,False,False,False,False,False,False,True,False,False,False,0,0,0.17974874
1,47,1,0,0,1,0,1,1,99.7,4747.2,4,2.0770833333333334,False,True,False,False,True,True,False,False,False,False,False,True,False,False,True,False,0,0,0.4454979
0,61,1,1,1,1,0,0,1,100.7,6018.65,5,1.6241935483870968,False,True,True,False,True,True,False,True,False,True,True,False,False,False,False,True,0,0,0.08843977
0,4,1,0,0,0,0,0,0,74.35,265.35,1,14.87,True,False,False,False,True,True,False,False,False,True,False,True,False,False,False,False,1,1,0.9611158
0,26,1,0,0,0,0,0,0,19.65,494.9,1,0.7277777777777777,False,True,True,False,False,False,True,False,True,False,True,False,False,False,True,False,0,0,0.0095777875
0,7,1,0,1,0,0,1,1,94.05,633.45,4,11.75625,False,False,False,False,False,True,False,True,False,True,False,False,True,False,False,False,0,1,0.5048678
1,25,1,1,1,0,0,1,1,102.8,2660.2,5,3.9538461538461536,False,False,False,False,True,True,False,False,False,True,False,False,True,False,True,False,1,1,0.68332
0,69,1,1,1,1,1,1,1,116.0,8182.85,7,1.6571428571428573,False,True,False,False,True,True,False,False,True,True,False,True,False,False,False,True,0,0,0.11850863
0,42,1,0,1,1,0,1,0,95.25,3959.35,4,2.2151162790697674,True,True,False,False,True,True,False,False,False,True,False,False,False,False,True,False,1,0,0.1384454
1,70,1,0,0,0,0,0,0,19.55,1462.05,1,0.27535211267605636,False,True,False,False,False,False,True,False,True,True,True,False,False,False,False,True,0,0,0.00052732154
0,66,1,0,0,1,0,1,0,63.3,4189.7,3,0.944776119402985,True,True,True,False,True,False,False,False,True,True,False,False,False,False,False,True,0,0,0.002879669
1,2,1,0,0,0,0,1,1,94.0,181.7,3,31.333333333333332,True,False,False,False,True,True,False,False,False,True,False,True,False,False,False,False,1,1,0.97029907
0,46,1,0,1,1,1,1,1,108.9,4854.3,6,2.317021276595745,False,True,False,False,True,True,False,False,True,True,True,False,False,False,True,False,0,0,0.38930684
0,64,1,1,1,1,0,0,0,89.45,5692.65,4,1.3761538461538463,True,True,False,False,True,True,False,True,False,False,False,False,False,False,False,True,0,0,0.10361994
0,72,1,1,1,1,1,1,1,91.95,6614.9,7,1.2595890410958905,True,True,True,False,True,False,False,False,True,True,True,False,False,False,False,True,0,0,0.003940304
0,68,1,1,0,0,1,1,1,99.55,6668.0,5,1.4427536231884057,True,True,True,False,False,True,False,False,True,True,False,True,False,False,False,True,0,0,0.031733274
0,68,1,1,1,0,1,0,1,95.1,6683.4,5,1.3782608695652172,True,True,True,False,False,True,False,False,True,False,False,False,False,False,False,True,0,0,0.038630538
0,72,1,0,0,0,0,0,0,19.4,1496.45,1,0.2657534246575342,False,True,False,False,False,False,True,False,True,False,False,False,False,False,False,True,0,0,0.002220596
0,10,1,0,1,0,0,0,0,81.0,818.05,2,7.363636363636363,False,False,False,False,True,True,False,False,False,True,True,False,False,False,False,False,1,1,0.7519243
0,2,1,0,0,0,0,0,0,24.85,62.0,1,8.283333333333333,True,False,False,False,True,False,True,False,False,False,False,False,True,False,False,False,0,0,0.29586738
0,3,1,0,1,0,1,1,1,97.9,315.3,5,24.475,False,False,False,False,False,True,False,False,False,True,False,True,False,False,False,False,1,1,0.60508406
0,31,1,0,0,0,0,1,0,59.05,1882.8,2,1.8453125,True,True,False,False,True,False,False,False,False,True,True,False,False,False,True,False,0,0,0.07316215
1,1,1,0,0,0,0,0,0,70.45,70.45,1,35.225,False,True,False,False,False,True,False,False,False,True,False,False,True,False,False,False,1,1,0.76054543
1,36,1,0,0,1,1,0,0,54.1,1992.85,3,1.462162162162162,True,True,False,False,False,False,False,True,False,False,True,False,False,False,True,False,0,0,0.03672613
0,40,1,0,0,0,0,0,0,26.2,1077.5,1,0.6390243902439025,False,True,True,False,True,False,True,False,False,True,False,True,False,False,True,False,0,0,0.04471037
0,10,1,0,0,0,0,1,1,95.2,930.4,3,8.654545454545454,True,False,True,False,True,True,False,False,False,False,False,True,False,False,False,False,1,1,0.67575276
0,21,1,0,0,1,1,0,0,79.2,1742.45,3,3.6,False,True,False,False,False,True,False,True,False,False,False,True,False,True,False,False,0,0,0.113660395
0,1,1,0,0,0,0,0,0,25.75,25.75,1,12.875,False,False,False,False,True,False,True,False,False,True,False,False,True,False,False,False,0,0,0.34993598
0,70,1,0,0,1,0,1,1,97.65,6982.5,4,1.3753521126760564,False,True,False,False,True,True,False,True,False,True,False,True,False,False,False,True,0,0,0.26045606
0,24,1,1,0,0,1,0,0,84.35,1938.05,3,3.3739999999999997,False,False,False,False,True,True,False,False,False,True,False,True,False,True,False,False,0,0,0.37777314
0,9,1,0,0,0,0,0,0,19.85,178.8,1,1.985,True,False,False,False,False,False,True,False,False,False,False,False,True,False,False,False,0,0,0.29581702
0,31,1,1,1,0,0,1,1,104.35,3205.6,5,3.2609375,False,False,False,False,True,True,False,False,False,False,False,True,False,False,True,False,0,1,0.65533656
0,72,1,0,1,1,1,1,1,108.2,7840.6,6,1.4821917808219178,True,True,False,False,True,True,False,False,True,True,False,True,False,False,False,True,0,0,0.09230713
0,4,1,1,0,0,0,0,0,80.1,336.15,2,16.02,True,False,False,False,True,True,False,False,False,True,False,True,False,False,False,False,0,0,0.32515222
0,49,1,1,1,1,1,0,1,106.65,5174.35,6,2.133,False,True,False,False,True,True,False,False,True,False,True,False,False,False,False,True,0,0,0.032037526
0,11,1,0,0,0,0,0,0,20.4,231.45,1,1.7,True,False,False,False,False,False,True,False,True,False,False,False,True,False,False,False,0,0,0.0092504285
0,67,1,1,0,1,1,1,1,109.4,7281.6,6,1.6088235294117648,False,True,True,False,True,True,False,True,False,True,False,True,False,False,False,True,0,0,0.11112505
0,2,1,0,0,0,0,0,0,20.0,38.0,1,6.666666666666667,True,True,False,False,False,False,True,False,False,False,False,False,True,False,False,False,0,0,0.067068666
1,23,1,0,1,0,0,1,1,94.75,2293.6,4,3.9479166666666665,False,False,False,False,False,True,False,False,False,True,False,True,False,True,False,False,1,0,0.2058117
0,23,1,0,0,1,0,0,0,75.3,1702.9,2,3.1374999999999997,False,True,True,False,False,True,False,False,False,True,True,False,False,True,False,False,0,0,0.25195307
0,52,1,1,1,0,0,1,1,75.4,3865.45,5,1.4226415094339624,True,True,False,False,False,False,False,True,False,True,False,False,True,False,False,True,0,0,0.011620763
0,5,1,0,1,0,1,0,1,89.35,461.7,4,14.891666666666666,False,False,False,False,False,True,False,False,False,True,False,True,False,False,False,False,1,1,0.6417406
0,53,1,0,1,0,1,1,0,65.0,3363.8,4,1.2037037037037037,True,True,True,False,False,False,False,False,False,False,True,False,False,False,False,True,0,0,0.0297301
0,16,1,0,1,0,0,1,1,100.0,1534.75,4,5.882352941176471,False,True,False,False,True,True,False,False,False,True,False,True,False,True,False,False,1,1,0.7363174
0,57,1,0,1,1,1,1,0,69.75,3894.4,5,1.2025862068965518,False,False,False,False,False,False,False,False,True,False,False,False,True,False,False,True,0,0,0.0025631043
0,46,1,0,1,1,1,1,1,108.65,4903.2,6,2.3117021276595744,True,False,False,False,True,True,False,False,True,False,False,True,False,False,True,False,0,1,0.7084127
0,72,1,1,1,1,1,1,1,89.8,6510.45,7,1.2301369863013698,False,True,True,False,True,False,False,False,True,False,True,False,False,False,False,True,0,0,0.0075374357
0,67,1,1,1,1,1,1,1,88.8,5903.15,7,1.3058823529411765,True,False,False,False,True,False,False,True,False,True,False,False,False,False,False,True,0,0,0.016294543
1,3,1,0,0,1,0,0,0,75.05,202.9,2,18.7625,False,False,False,False,False,True,False,False,False,False,False,False,True,False,False,False,0,0,0.43322685
0,30,1,0,1,0,0,1,1,97.0,3021.3,4,3.129032258064516,True,False,False,False,False,True,False,True,False,True,False,False,False,False,True,False,0,1,0.60684425
1,1,1,0,0,0,0,0,0,69.65,69.65,1,34.825,False,False,False,False,False,True,False,False,False,True,False,True,False,False,False,False,1,1,0.96795326
0,22,1,1,0,0,1,1,0,95.9,2234.95,4,4.1695652173913045,True,True,False,False,True,True,False,False,False,False,True,False,False,True,False,False,0,0,0.30992696
1,24,0,0,0,1,0,0,1,40.65,933.3,2,1.626,False,True,False,True,False,False,False,False,False,True,True,False,False,True,False,False,1,0,0.28395495
0,39,1,0,0,0,0,0,0,25.45,958.45,1,0.63625,True,False,True,False,True,False,True,True,False,False,False,False,False,False,True,False,0,0,0.010069484
1,45,1,0,0,0,0,1,1,93.9,4200.25,3,2.0413043478260873,True,False,False,False,True,True,False,False,False,True,False,False,False,False,True,False,0,1,0.63842577
0,8,1,0,0,0,0,0,0,19.7,168.9,1,2.1888888888888887,True,False,False,False,False,False,True,False,False,True,False,False,False,False,False,False,0,0,0.11502508
0,1,0,0,1,0,0,0,0,29.95,29.95,1,14.975,False,False,False,True,False,False,False,False,False,False,False,False,False,False,False,False,1,0,0.13959894
0,23,1,0,0,1,0,0,0,49.7,1081.25,2,2.0708333333333333,False,False,False,False,False,False,False,False,False,False,True,False,False,True,False,False,0,0,0.037263654
0,72,1,1,1,1,1,1,1,114.45,8100.55,7,1.5678082191780822,True,True,True,False,True,True,False,False,True,False,False,False,False,False,False,True,0,0,0.004969992
0,69,1,0,0,0,0,0,0,19.75,1375.4,1,0.28214285714285714,False,True,True,False,False,False,True,False,True,False,False,False,False,False,False,True,0,0,0.002476689
0,37,1,1,0,1,1,0,0,62.8,2278.75,4,1.6526315789473685,True,True,True,False,True,False,False,False,True,True,True,False,False,False,True,False,0,0,0.0042829565
0,48,0,1,1,0,0,1,0,44.8,2104.55,3,0.9142857142857143,False,False,False,True,False,False,False,False,False,True,False,True,False,False,True,False,0,0,0.04231885
0,4,1,0,0,0,0,0,0,25.3,116.95,1,5.0600000000000005,False,False,False,False,True,False,True,False,True,True,True,False,False,False,False,False,0,0,0.005764038
1,1,1,0,0,0,0,1,0,86.05,86.05,2,43.025,True,True,False,False,True,True,False,False,False,True,False,True,False,False,False,False,1,1,0.9687386
0,56,1,0,0,1,1,1,1,103.2,5873.75,5,1.8105263157894738,True,True,True,False,True,True,False,False,True,True,False,True,False,False,False,True,0,1,0.8290087
0,52,1,0,0,0,0,0,0,20.1,1078.75,1,0.37924528301886795,False,True,True,False,False,False,True,False,True,False,False,False,False,False,False,True,0,0,0.0024430149
0,4,1,0,1,0,0,1,1,68.65,261.25,4,13.73,False,False,False,False,False,False,False,False,False,True,False,False,False,False,False,False,1,0,0.05161865
0,22,0,0,0,1,0,1,1,49.45,1031.4,3,2.15,False,False,True,True,False,False,False,True,False,True,True,False,False,True,False,False,0,0,0.123871036
0,2,1,0,1,0,0,0,0,74.75,144.8,2,24.916666666666668,True,False,False,False,False,True,False,False,False,True,False,True,False,False,False,False,0,1,0.7135663
0,1,1,0,0,0,0,0,0,19.65,19.65,1,9.825,True,False,False,False,False,False,True,False,False,False,False,False,True,False,False,False,1,1,0.6748205
0,14,1,0,0,0,0,0,0,19.35,324.8,1,1.29,True,False,False,False,False,False,True,True,False,False,False,False,True,True,False,False,0,0,0.014919091
1,4,1,0,0,0,0,0,1,84.6,360.1,2,16.919999999999998,False,False,False,False,True,True,False,False,False,True,False,True,False,False,False,False,1,1,0.95600235
0,29,1,0,0,1,0,0,0,48.95,1323.7,2,1.6316666666666668,True,False,False,False,False,False,False,False,False,False,False,False,False,False,True,False,0,0,0.014478751
0,72,1,1,1,0,1,1,1,107.7,7919.8,6,1.4753424657534246,True,True,True,False,True,True,False,False,True,True,True,False,False,False,False,True,0,0,0.011180244
0,47,1,1,0,1,0,0,1,90.05,4137.2,4,1.8760416666666666,True,True,True,False,False,True,False,False,False,False,False,True,False,False,True,False,0,0,0.4514599
0,1,1,0,0,0,0,0,0,77.15,77.15,1,38.575,False,False,False,False,True,True,False,False,False,True,False,True,False,False,False,False,1,1,0.9933861
0,3,1,0,0,0,0,0,0,74.4,215.8,1,18.6,False,False,False,False,True,True,False,False,False,False,False,False,False,False,False,False,1,0,0.4799311
0,10,1,0,0,0,0,0,0,19.75,208.25,1,1.7954545454545454,True,False,False,False,False,False,True,False,False,False,True,False,False,False,False,False,0,0,0.097400054
0,7,1,0,0,0,0,1,1,96.2,639.7,3,12.025,True,False,False,False,True,True,False,False,False,False,False,True,False,False,False,False,0,1,0.98914856
0,59,1,0,0,1,0,0,0,54.15,3116.15,2,0.9025,True,False,False,False,True,False,False,False,True,False,True,False,False,False,False,True,0,0,0.011205407
0,24,1,0,1,0,0,0,0,49.7,1218.25,2,1.9880000000000002,True,False,False,False,False,False,False,False,False,True,False,False,True,True,False,False,0,0,0.04759117
0,18,1,0,0,0,0,1,0,55.95,1082.8,2,2.944736842105263,False,True,True,False,False,False,False,False,False,False,False,False,True,True,False,False,0,0,0.033553883
0,67,0,1,0,0,1,0,0,35.7,2545.7,2,0.525,False,True,True,True,False,False,False,False,True,False,True,False,False,False,False,True,0,0,0.0013053785
0,71,1,1,0,0,0,1,0,66.2,4692.55,3,0.9194444444444445,True,True,True,False,True,False,False,True,False,True,False,True,False,False,False,True,0,0,0.010097329
0,26,1,0,1,1,1,1,1,81.9,2078.55,6,3.0333333333333337,False,True,False,False,False,False,False,False,False,False,False,False,False,False,True,False,0,0,0.006184043
0,1,1,0,0,0,0,0,0,18.9,18.9,1,9.45,True,False,False,False,False,False,True,False,False,False,False,False,True,False,False,False,0,0,0.23479307
0,70,1,0,1,1,1,1,0,72.95,5265.55,5,1.0274647887323944,True,True,False,False,True,False,False,False,True,False,False,False,False,False,False,True,0,0,0.009285504
1,68,1,0,1,1,0,0,1,95.9,6503.2,4,1.3898550724637682,True,False,False,False,True,True,False,False,False,True,False,True,False,False,False,True,0,0,0.24683739
0,46,0,0,0,0,0,1,1,43.95,2007.85,2,0.9351063829787235,False,True,False,True,False,False,False,False,False,True,False,True,False,False,True,False,0,0,0.27726123
0,69,1,1,0,1,1,1,1,82.45,5555.3,6,1.177857142857143,False,False,False,False,False,False,False,False,True,True,True,False,False,False,False,True,0,0,0.004165004
0,1,1,0,0,0,0,0,0,50.45,50.45,1,25.225,True,False,False,False,True,False,False,False,False,True,False,True,False,False,False,False,1,1,0.8586958
0,67,1,1,0,1,1,0,1,72.35,4991.5,5,1.0639705882352941,False,False,False,False,False,False,False,True,False,True,False,False,False,False,False,True,0,0,0.016194027
1,4,1,0,0,0,0,0,0,74.9,321.75,1,14.98,False,False,False,False,True,True,False,False,False,True,False,True,False,False,False,False,1,1,0.6844648
0,20,1,1,1,0,1,1,0,96.55,1901.65,5,4.597619047619047,False,True,False,False,False,True,False,False,False,True,False,True,False,True,False,False,0,0,0.3938827
0,1,1,0,0,0,0,0,0,19.45,19.45,1,9.725,False,True,True,False,False,False,True,False,False,False,False,True,False,False,False,False,0,0,0.15847968
0,20,1,0,0,0,0,1,0,78.8,1641.3,2,3.7523809523809524,True,False,False,False,False,True,False,False,False,False,False,True,False,True,False,False,0,0,0.3899328
0,71,1,1,1,1,0,1,0,99.0,7061.65,5,1.375,False,True,True,False,True,True,False,False,True,True,True,False,False,False,False,True,0,0,0.01661628
0,4,1,0,0,0,0,0,0,20.35,77.5,1,4.07,False,False,False,False,False,False,True,False,False,False,False,False,True,False,False,False,1,0,0.09962638
0,72,1,1,0,1,1,1,1,110.45,8058.85,6,1.513013698630137,False,True,True,False,True,True,False,False,True,True,False,False,False,False,False,True,0,0,0.0034834028
0,1,1,0,0,0,0,1,0,53.5,53.5,2,26.75,True,False,False,False,False,False,False,False,False,True,False,False,True,False,False,False,1,1,0.7817169
0,64,1,1,0,1,0,1,1,73.05,4688.65,5,1.1238461538461537,True,True,True,False,False,False,False,True,False,True,True,False,False,False,False,True,0,0,0.09235782
0,51,1,0,0,0,0,0,0,24.6,1266.4,1,0.4730769230769231,True,False,False,False,True,False,True,True,False,True,False,False,False,False,False,True,0,0,0.0026721125
1,29,1,1,0,1,0,0,1,90.1,2656.7,4,3.003333333333333,True,True,False,False,False,True,False,True,False,False,False,False,False,False,True,False,0,0,0.052694503
0,32,1,0,0,0,0,0,1,85.65,2664.3,2,2.5954545454545457,True,False,False,False,True,True,False,False,False,True,False,False,False,False,True,False,0,1,0.79023385
0,5,1,0,0,0,0,0,0,20.05,95.55,1,3.341666666666667,True,False,False,False,False,False,True,False,False,False,True,False,False,False,False,False,0,0,0.0397784
0,5,1,1,0,0,1,0,0,53.85,259.8,3,8.975,False,False,False,False,False,False,False,False,False,False,True,False,False,False,False,False,1,0,0.22223732
1,71,1,1,1,0,1,1,0,71.0,5012.1,5,0.9861111111111112,True,True,False,False,False,False,False,True,False,True,False,False,False,False,False,True,0,0,0.00034210423
0,56,1,0,0,1,1,1,1,103.2,5744.35,5,1.8105263157894738,False,True,False,False,True,True,False,False,True,False,False,False,False,False,False,True,0,0,0.088470034
0,8,1,0,0,0,0,0,0,20.45,162.3,1,2.272222222222222,True,False,False,False,False,False,True,False,False,True,True,False,False,False,False,False,0,0,0.02867749
0,68,1,0,0,0,0,0,0,19.6,1441.65,1,0.28405797101449276,False,False,False,False,False,False,True,False,True,False,True,False,False,False,False,True,0,0,0.0015073373
0,18,1,0,0,0,0,0,0,20.1,407.05,1,1.0578947368421054,False,False,False,False,False,False,True,True,False,False,False,False,True,True,False,False,0,0,0.0039385916
0,61,1,1,1,0,0,1,1,106.0,6547.7,5,1.7096774193548387,True,True,True,False,True,True,False,True,False,True,False,True,False,False,False,True,1,0,0.43145382
0,39,1,1,0,1,1,1,1,80.0,3182.95,6,2.0,True,True,True,False,False,False,False,True,False,False,True,False,False,False,True,False,1,0,0.16487864
0,3,1,0,0,0,0,0,0,70.15,194.2,1,17.5375,False,False,False,False,False,True,False,False,False,True,False,True,False,False,False,False,0,1,0.67449594
0,9,1,0,0,0,0,1,1,95.5,829.1,3,9.55,True,False,False,False,True,True,False,False,False,True,False,True,False,False,False,False,1,1,0.9241472
0,70,1,1,1,1,1,1,1,90.15,6237.05,7,1.269718309859155,True,True,True,False,True,False,False,False,True,True,True,False,False,False,False,True,0,0,0.016852006
0,51,1,0,1,0,1,0,0,84.2,4299.75,3,1.6192307692307693,True,True,True,False,True,True,False,True,False,False,False,False,False,False,False,True,0,0,0.12240739
0,56,0,1,1,1,1,0,0,45.05,2560.1,4,0.7903508771929824,False,False,False,True,False,False,False,False,True,False,False,False,False,False,False,True,0,0,0.0036273852
0,1,1,0,1,0,0,0,0,48.6,48.6,2,24.3,False,False,False,False,False,False,False,False,False,True,False,True,False,False,False,False,0,1,0.7069773
0,6,1,0,0,0,1,0,0,50.05,288.35,2,7.1499999999999995,True,False,False,False,False,False,False,False,False,False,False,False,True,False,False,False,0,0,0.10786432
0,25,1,0,0,0,0,0,0,18.7,383.65,1,0.7192307692307692,False,True,True,False,False,False,True,False,True,True,False,False,True,False,True,False,0,0,0.01923746
0,72,1,0,0,0,0,0,0,20.1,1326.25,1,0.2753424657534247,False,True,True,False,False,False,True,False,True,True,True,False,False,False,False,True,0,0,0.00032049927
0,21,1,0,0,0,0,0,0,19.8,350.1,1,0.9,True,True,True,False,False,False,True,True,False,False,False,False,True,True,False,False,0,0,0.010533488
0,68,1,1,1,1,1,1,1,114.7,7849.85,7,1.6623188405797102,True,True,True,False,True,True,False,False,True,True,False,False,False,False,False,True,0,0,0.4084646
0,47,1,0,1,1,0,1,1,104.1,5135.15,5,2.1687499999999997,True,True,False,False,True,True,False,False,False,True,False,True,False,False,True,False,0,1,0.96414953
0,1,1,0,0,1,0,0,1,59.2,59.2,3,29.6,False,False,True,False,False,False,False,False,False,False,False,True,False,False,False,False,1,0,0.3461769
0,65,1,1,0,1,1,1,1,109.3,7337.55,6,1.656060606060606,False,True,True,False,True,True,False,False,True,False,False,True,False,False,False,True,0,0,0.39765966
0,44,1,1,0,0,1,1,0,65.4,2774.55,4,1.4533333333333334,True,False,False,False,False,False,False,True,False,False,False,True,False,False,True,False,0,0,0.024555994
0,24,1,0,0,1,0,0,0,49.3,1233.25,2,1.972,False,False,False,False,False,False,False,False,False,True,True,False,False,True,False,False,0,0,0.116960004
0,1,1,0,0,0,0,0,0,50.05,50.05,1,25.025,True,False,True,False,True,False,False,False,False,True,False,True,False,False,False,False,0,1,0.79055953
0,54,0,1,0,0,1,0,1,44.1,2369.7,3,0.8018181818181819,False,False,False,True,False,False,False,True,False,False,False,False,False,False,False,True,0,0,0.0017491898
0,31,1,1,1,0,1,0,0,90.55,2929.75,4,2.8296875,True,True,False,False,True,True,False,False,False,True,True,False,False,False,True,False,0,0,0.11368213
1,1,1,0,0,1,0,1,1,100.8,100.8,4,50.4,False,True,False,False,True,True,False,False,False,True,False,True,False,False,False,False,1,1,0.9886227
0,2,1,0,0,0,0,0,0,20.3,31.9,1,6.766666666666667,False,True,True,False,False,False,True,True,False,False,False,False,True,False,False,False,0,0,0.117839985
0,1,1,0,0,0,0,0,0,19.65,19.65,1,9.825,True,False,False,False,False,False,True,False,False,False,False,False,False,False,False,False,0,0,0.21644115
0,53,1,1,1,0,0,0,1,69.7,3686.05,4,1.2907407407407407,True,True,True,False,True,False,False,False,True,False,False,False,False,False,False,True,0,0,0.023556152
1,69,1,0,1,1,1,1,1,108.4,7318.2,6,1.5485714285714287,True,True,False,False,True,True,False,False,True,True,False,False,False,False,False,True,1,0,0.086963214
1,1,1,0,0,0,0,0,0,71.0,71.0,1,35.5,False,False,True,False,False,True,False,False,False,True,False,True,False,False,False,False,1,1,0.8704656
0,23,1,0,0,1,0,0,1,90.15,2044.95,3,3.75625,False,True,False,False,True,True,False,False,False,False,False,False,True,True,False,False,0,0,0.39506754
1,15,1,0,0,0,0,1,1,91.5,1400.3,3,5.71875,False,False,False,False,False,True,False,False,False,True,False,True,False,True,False,False,0,1,0.66848963
0,67,1,1,0,0,1,1,1,106.7,7009.5,5,1.5691176470588235,False,True,True,False,True,True,False,False,True,False,True,False,False,False,False,True,0,0,0.24607806
0,51,1,0,0,0,0,0,0,69.15,3649.6,1,1.3298076923076925,False,True,False,False,False,True,False,False,False,False,False,False,True,False,False,True,0,0,0.092151254
0,8,1,0,1,0,1,1,0,66.65,520.95,4,7.405555555555556,True,False,False,False,False,False,False,False,False,True,False,True,False,False,False,False,0,0,0.031215586
0,69,1,1,0,1,1,0,0,64.15,4254.1,4,0.9164285714285715,False,True,True,False,True,False,False,False,True,True,True,False,False,False,False,True,0,0,0.020325359
0,22,1,0,0,0,1,1,0,90.0,1993.8,3,3.9130434782608696,False,False,False,False,True,True,False,False,False,True,False,True,False,True,False,False,1,1,0.69291586
0,18,1,1,0,1,1,1,1,83.25,1611.15,6,4.381578947368421,True,True,True,False,False,False,False,False,False,False,False,True,False,True,False,False,0,0,0.19831222
0,45,1,1,1,0,0,0,1,96.75,4442.75,4,2.1032608695652173,False,False,False,False,True,True,False,True,False,False,False,False,False,False,True,False,0,0,0.036065407
0,62,1,0,0,0,0,0,0,23.65,1416.75,1,0.3753968253968254,False,True,False,False,True,False,True,False,True,False,False,False,False,False,False,True,0,0,0.001665839
0,55,1,0,0,0,0,0,0,69.05,3842.6,1,1.2330357142857142,False,True,True,False,False,True,False,False,True,True,True,False,False,False,False,True,0,0,0.027401326
1,58,1,0,0,0,1,1,1,100.4,5749.8,4,1.7016949152542373,False,True,False,False,True,True,False,False,False,True,False,False,False,False,False,True,0,0,0.16006228
0,50,1,0,0,0,0,0,0,20.35,938.95,1,0.3990196078431373,True,True,True,False,False,False,True,True,False,True,False,False,True,False,False,True,0,0,0.012960647
0,26,1,0,0,0,1,0,0,49.15,1237.3,2,1.8203703703703704,True,False,False,False,False,False,False,False,False,False,False,False,False,False,True,False,0,0,0.024226343
1,34,1,0,0,0,0,0,0,69.15,2275.1,1,1.975714285714286,True,False,False,False,False,True,False,False,False,False,True,False,False,False,True,False,0,0,0.2430918
0,18,1,0,0,0,0,1,1,94.7,1687.95,3,4.984210526315789,True,True,False,False,True,True,False,False,False,True,False,True,False,True,False,False,1,1,0.5469451
0,68,1,1,0,1,1,1,1,111.75,7511.3,6,1.6195652173913044,False,True,True,False,True,True,False,False,True,False,True,False,False,False,False,True,0,0,0.28535494
0,7,1,0,0,1,1,0,1,62.8,418.3,4,7.85,False,False,False,False,False,False,False,False,False,False,False,False,False,False,False,False,0,0,0.020839563
0,11,1,0,0,0,0,0,0,19.7,216.2,1,1.6416666666666666,False,False,True,False,False,False,True,False,False,False,True,False,False,False,False,False,0,0,0.27851805
0,3,1,0,0,0,0,0,0,20.0,49.65,1,5.0,True,True,False,False,False,False,True,False,False,False,False,False,False,False,False,False,0,0,0.019839784
0,42,1,0,0,0,0,1,0,77.95,3384.0,2,1.8127906976744186,False,True,True,False,False,True,False,False,False,True,True,False,False,False,True,False,1,0,0.11069618
0,1,1,0,0,0,0,0,0,70.4,70.4,1,35.2,True,False,False,False,False,True,False,False,False,False,False,True,False,False,False,False,1,1,0.8777977
0,1,1,0,0,0,0,0,1,79.6,79.6,2,39.8,True,False,False,False,False,True,False,False,False,False,False,True,False,False,False,False,1,1,0.97592133
0,12,1,0,0,0,0,0,1,53.65,696.35,2,4.1269230769230765,True,True,True,False,False,False,False,True,False,False,True,False,False,False,False,False,1,0,0.088739134
0,4,1,0,0,0,0,0,0,76.05,318.9,1,15.209999999999999,True,False,False,False,True,True,False,False,False,True,False,True,False,False,False,False,1,1,0.95818686
0,19,1,1,1,0,1,0,0,88.8,1672.35,4,4.4399999999999995,True,True,False,False,True,True,False,False,False,True,True,False,False,True,False,False,0,0,0.048791632
0,1,1,1,1,0,1,0,1,70.45,70.45,5,35.225,True,False,True,False,False,False,False,False,False,True,False,False,False,False,False,False,0,0,0.102087654
0,71,1,1,1,1,1,1,1,115.15,8078.1,7,1.5993055555555555,False,True,False,False,True,True,False,False,True,True,True,False,False,False,False,True,0,0,0.0094765145
0,33,0,0,1,0,0,1,0,39.1,1309.0,2,1.1500000000000001,True,False,False,True,False,False,False,True,False,True,False,True,False,False,True,False,0,0,0.13070661
0,1,1,0,0,0,0,0,0,19.7,19.7,1,9.85,True,True,True,False,False,False,True,False,False,False,False,False,True,False,False,False,0,1,0.873713
1,5,1,0,0,0,0,0,0,70.05,302.6,1,11.674999999999999,False,True,False,False,False,True,False,False,False,False,False,True,False,False,False,False,0,0,0.4449225
0,2,1,0,0,0,0,1,0,79.65,152.7,2,26.55,False,False,False,False,False,True,False,False,False,True,False,False,True,False,False,False,1,1,0.5472783
0,48,1,0,1,1,0,1,1,108.1,5067.45,5,2.206122448979592,True,False,False,False,True,True,False,False,True,True,False,False,False,False,True,False,0,1,0.7400783
0,1,0,0,0,0,0,0,0,24.75,24.75,0,12.375,True,False,True,True,False,False,False,False,False,False,False,True,False,False,False,False,1,0,0.2805041
1,60,1,0,1,1,0,1,1,97.95,5867.0,5,1.6057377049180328,True,True,False,False,False,True,False,True,False,True,False,True,False,False,False,True,0,0,0.08495715
1,20,1,1,0,1,1,0,1,94.3,1818.3,5,4.4904761904761905,True,True,True,False,False,True,False,True,False,False,True,False,False,True,False,False,0,0,0.1539787
0,1,1,0,0,0,0,0,1,80.0,80.0,2,40.0,True,True,True,False,False,True,False,False,False,False,False,True,False,False,False,False,1,1,0.8403014
0,22,1,0,1,0,0,1,1,69.5,1498.2,4,3.0217391304347827,False,True,True,False,False,False,False,True,False,True,False,False,False,True,False,False,1,0,0.03792097
0,62,0,0,0,0,1,1,0,39.0,2337.45,2,0.6190476190476191,True,True,False,True,False,False,False,False,True,True,False,False,False,False,False,True,0,0,0.0076910206
0,66,1,1,1,1,0,0,0,67.45,4508.65,4,1.0067164179104477,False,True,True,False,True,False,False,False,False,True,False,False,False,False,False,True,0,0,0.0021529407
1,54,0,0,0,0,0,0,0,24.95,1364.75,0,0.4536363636363636,True,True,False,True,False,False,False,False,False,True,False,False,False,False,False,True,0,0,0.13452737
0,5,1,0,0,0,0,0,0,20.45,106.9,1,3.408333333333333,True,False,True,False,False,False,True,False,True,False,False,False,True,False,False,False,0,0,0.005353545
0,62,1,0,0,1,0,1,1,101.35,6164.7,4,1.6087301587301586,False,True,False,False,True,True,False,False,False,True,False,True,False,False,False,True,0,1,0.50773007
1,51,1,0,0,0,0,0,0,25.0,1260.7,1,0.4807692307692308,True,False,False,False,True,False,True,True,False,False,False,False,False,False,False,True,0,0,0.004378562
0,60,1,0,0,1,0,0,0,79.2,4765.0,2,1.298360655737705,False,False,False,False,True,True,False,True,False,True,False,False,False,False,False,True,0,0,0.02099104
0,6,1,0,0,0,0,0,0,20.65,109.3,1,2.9499999999999997,True,False,False,False,False,False,True,False,False,False,False,False,True,False,False,False,0,0,0.060568575
0,62,0,0,1,1,0,0,1,43.6,2748.7,3,0.692063492063492,False,False,False,True,False,False,False,False,True,True,True,False,False,False,False,True,0,0,0.03433087
1,50,1,1,1,0,0,0,0,83.4,4113.7,3,1.635294117647059,False,False,False,False,True,True,False,False,False,True,False,True,False,False,False,True,0,0,0.2901867
0,69,0,1,1,1,1,0,0,46.25,3121.4,4,0.6607142857142857,False,True,True,True,False,False,False,False,True,False,False,False,False,False,False,True,0,0,0.008516004
0,35,1,1,0,0,1,0,1,89.2,3251.3,4,2.477777777777778,True,False,False,False,False,True,False,True,False,True,False,True,False,False,True,False,0,0,0.025651751
0,20,1,0,0,0,0,1,1,89.0,1820.45,3,4.238095238095238,True,True,False,False,False,True,False,False,False,True,False,False,True,True,False,False,1,1,0.780988
0,1,1,0,0,0,0,0,1,81.1,81.1,2,40.55,False,False,False,False,False,True,False,False,False,True,False,True,False,False,False,False,1,1,0.9492466
1,15,1,0,1,0,0,1,1,94.65,1285.05,4,5.915625,False,True,False,False,False,True,False,False,False,True,False,True,False,True,False,False,0,0,0.24709709
0,72,1,1,1,1,1,1,1,117.6,8308.9,7,1.6109589041095889,False,True,True,False,True,True,False,False,True,True,False,False,False,False,False,True,0,0,0.013791635
0,2,1,1,0,0,0,1,1,97.1,184.15,4,32.36666666666667,True,True,True,False,False,True,False,False,False,False,False,True,False,False,False,False,0,1,0.71942484
0,52,1,0,0,0,0,0,0,20.85,1071.6,1,0.39339622641509436,True,True,True,False,False,False,True,True,False,True,True,False,False,False,False,True,0,0,0.014557938
0,1,1,0,0,0,0,0,0,20.55,20.55,1,10.275,False,True,True,False,False,False,True,False,False,False,False,False,True,False,False,False,1,1,0.663363
0,13,1,0,0,0,0,1,1,91.1,1135.7,3,6.507142857142857,True,False,False,False,False,True,False,False,False,True,False,True,False,True,False,False,1,1,0.74959725
1,72,1,1,1,1,1,1,1,113.8,7845.8,7,1.558904109589041,True,False,False,False,True,True,False,False,True,False,False,False,False,False,False,True,0,0,0.00942986
0,1,1,0,0,0,0,0,0,20.3,20.3,1,10.15,False,False,False,False,False,False,True,False,False,False,True,False,False,False,False,False,0,0,0.2539733
0,66,1,0,0,1,0,1,0,92.15,6056.9,3,1.3753731343283584,False,False,False,False,True,True,False,True,False,True,False,False,False,False,False,True,0,0,0.021521015
0,52,1,1,0,0,0,1,0,84.1,4348.65,3,1.5867924528301887,True,True,False,False,False,True,False,False,False,False,False,True,False,False,False,True,1,1,0.5843177
0,51,1,0,1,1,0,1,1,99.0,5038.15,5,1.9038461538461537,True,False,False,False,False,True,False,False,False,True,False,True,False,False,False,True,0,0,0.11533593
0,18,1,0,0,0,0,0,0,20.05,388.6,1,1.055263157894737,True,False,False,False,False,False,True,False,True,False,True,False,False,True,False,False,0,0,0.0027744765
1,32,1,0,0,1,0,0,0,79.3,2570.0,2,2.403030303030303,False,True,False,False,True,True,False,False,False,False,False,False,True,False,True,False,0,0,0.3895486
1,6,1,0,0,1,0,1,1,95.75,573.75,4,13.678571428571429,True,True,False,False,False,True,False,False,False,True,False,True,False,False,False,False,1,1,0.65322983
0,51,1,0,0,0,0,0,0,19.4,997.75,1,0.37307692307692303,True,True,True,False,False,False,True,True,False,False,False,False,True,False,False,True,0,0,0.027868945
0,58,1,0,0,0,0,0,0,20.3,1131.5,1,0.3440677966101695,True,False,False,False,False,False,True,False,True,False,True,False,False,False,False,True,0,0,0.011743638
0,10,1,0,0,0,0,0,0,20.45,242.4,1,1.8590909090909091,True,True,True,False,False,False,True,True,False,False,False,False,True,False,False,False,0,0,0.029755896
0,19,1,0,0,0,0,0,0,19.8,344.5,1,0.99,True,True,True,False,False,False,True,True,False,False,False,False,True,True,False,False,0,0,0.013279985
1,14,1,0,0,0,0,1,1,95.6,1273.3,3,6.373333333333333,True,False,False,False,True,True,False,False,False,True,False,True,False,True,False,False,0,1,0.977132
0,8,0,1,0,0,0,0,1,38.5,330.8,2,4.277777777777778,False,False,True,True,False,False,False,False,False,True,False,True,False,False,False,False,0,0,0.29241472
0,65,1,1,1,1,0,1,0,99.35,6347.55,5,1.5053030303030301,True,True,False,False,True,True,False,False,True,True,False,True,False,False,False,True,0,0,0.26047423
0,12,1,0,0,1,0,1,1,96.0,1062.1,4,7.384615384615385,False,False,False,False,False,True,False,False,False,True,False,True,False,False,False,False,1,1,0.8026513
0,6,1,0,0,0,0,0,0,19.7,113.5,1,2.814285714285714,False,True,True,False,False,False,True,False,False,False,False,False,True,False,False,False,0,0,0.24863139
0,64,0,1,0,1,1,1,1,60.05,3845.45,5,0.9238461538461538,True,True,True,True,False,False,False,False,True,True,False,False,False,False,False,True,0,0,0.013513739
1,72,1,1,1,1,1,1,1,112.9,8061.5,7,1.5465753424657536,True,True,False,False,True,True,False,False,False,True,True,False,False,False,False,True,0,0,0.01675218
1,31,1,1,0,0,0,1,0,89.45,2807.65,3,2.7953125,True,True,False,False,True,True,False,False,False,False,False,True,False,False,True,False,0,0,0.40055695
0,59,1,1,1,1,1,0,1,79.85,4786.1,6,1.3308333333333333,False,False,False,False,True,False,False,True,False,False,True,False,False,False,False,True,0,0,0.1048409
0,58,1,1,1,0,0,1,1,99.25,5846.65,5,1.6822033898305084,False,True,True,False,False,True,False,True,False,False,True,False,False,False,False,True,0,0,0.022973314
0,44,1,0,0,0,0,0,0,20.0,860.85,1,0.4444444444444444,True,True,True,False,False,False,True,True,False,False,False,False,False,False,True,False,0,0,0.008233025
0,53,1,1,1,1,1,1,1,110.5,5835.5,7,2.0462962962962963,False,True,False,False,False,True,False,True,False,False,False,True,False,False,False,True,0,0,0.34749955
0,56,1,1,1,1,1,1,1,115.85,6567.9,7,2.032456140350877,True,True,True,False,True,True,False,False,True,False,False,False,True,False,False,True,0,0,0.028568782
0,72,1,0,0,0,0,0,0,25.45,1866.45,1,0.34863013698630135,False,False,False,False,True,False,True,False,True,False,True,False,False,False,False,True,0,0,0.00027247603
0,58,1,0,0,0,0,0,0,20.8,1212.25,1,0.3525423728813559,True,False,False,False,False,False,True,False,True,False,False,False,True,False,False,True,0,0,0.016331846
0,63,1,0,1,1,1,1,1,109.85,7002.95,6,1.71640625,False,False,False,False,True,True,False,False,False,True,True,False,False,False,False,True,0,0,0.026527587
0,71,0,0,0,1,1,0,1,47.05,3263.6,3,0.6534722222222222,False,True,False,True,False,False,False,False,True,True,False,True,False,False,False,True,0,0,0.07344506
0,36,1,1,1,0,0,0,0,53.65,1939.35,3,1.45,True,True,True,False,False,False,False,True,False,False,False,False,True,False,True,False,0,0,0.044906277
0,17,1,0,1,1,1,1,1,80.85,1445.95,6,4.491666666666666,True,False,True,False,False,False,False,True,False,False,False,True,False,True,False,False,0,0,0.023335397
0,67,1,1,1,0,1,0,0,60.05,3994.05,4,0.8830882352941176,True,True,True,False,False,False,False,True,False,False,False,False,True,False,False,True,0,0,0.0007610212
0,4,1,0,0,1,1,1,1,98.1,396.3,5,19.619999999999997,False,False,True,False,False,True,False,False,False,True,False,False,False,False,False,False,1,1,0.9226568
0,72,1,1,0,1,1,1,1,107.45,7576.7,6,1.4719178082191782,False,True,True,False,True,True,False,False,True,False,False,False,True,False,False,True,0,0,0.0013352826
0,72,1,0,0,0,0,0,0,19.3,1414.8,1,0.26438356164383564,True,False,False,False,False,False,True,False,True,False,False,False,False,False,False,True,0,0,0.0046835984
1,32,1,0,0,0,0,1,1,93.2,2931.0,3,2.824242424242424,False,True,False,False,True,True,False,False,False,True,False,True,False,False,True,False,1,1,0.67376125
0,9,1,0,0,0,0,1,1,88.4,788.6,3,8.84,False,False,False,False,False,True,False,False,False,True,False,False,True,False,False,False,0,1,0.84453446
0,71,1,1,1,1,1,0,1,80.1,5585.4,6,1.1124999999999998,True,True,False,False,True,False,False,False,True,True,False,False,True,False,False,True,0,0,0.00023375796
0,52,1,0,1,0,1,0,1,93.25,4631.7,4,1.759433962264151,True,True,True,False,True,True,False,False,False,True,False,False,False,False,False,True,0,0,0.15827566
0,66,1,1,1,1,1,1,1,115.8,7942.15,7,1.7283582089552239,True,True,False,False,True,True,False,True,False,False,False,False,False,False,False,True,0,1,0.8170117
0,2,1,0,0,0,0,0,0,49.4,106.55,1,16.466666666666665,False,False,False,False,True,False,False,False,False,True,False,True,False,False,False,False,1,1,0.7503688
1,12,1,1,0,1,1,1,1,79.2,943.85,6,6.092307692307693,False,True,False,False,False,False,False,True,False,True,False,True,False,False,False,False,0,0,0.032269005
1,72,1,0,0,0,0,0,0,25.0,1802.55,1,0.3424657534246575,True,True,False,False,True,False,True,False,True,True,False,False,False,False,False,True,0,0,0.00043248507
0,5,1,0,0,0,0,0,0,19.85,108.05,1,3.3083333333333336,False,False,False,False,False,False,True,False,False,False,True,False,False,False,False,False,1,0,0.047578644
0,5,1,0,0,0,0,1,0,81.0,389.6,2,13.5,False,False,False,False,False,True,False,False,False,True,True,False,False,False,False,False,1,0,0.4277559
1,37,1,0,0,0,0,0,0,76.25,2841.55,1,2.0065789473684212,False,False,False,False,True,True,False,False,False,True,False,True,False,False,True,False,1,1,0.74900484
0,60,1,0,0,1,1,1,1,80.55,4847.05,5,1.3204918032786885,False,False,False,False,True,False,False,True,False,False,True,False,False,False,False,True,0,0,0.006889302
0,34,1,0,0,1,0,1,1,100.05,3480.0,4,2.8585714285714285,True,True,False,False,True,True,False,False,False,True,False,True,False,False,True,False,1,1,0.9047136
0,56,1,0,0,0,0,0,0,25.15,1327.15,1,0.4412280701754386,True,True,False,False,True,False,True,False,True,True,True,False,False,False,False,True,1,0,0.0028077129
0,2,1,0,0,0,0,0,0,19.85,35.9,1,6.616666666666667,True,True,True,False,False,False,True,True,False,False,False,False,True,False,False,False,1,0,0.06303583
0,8,1,0,0,0,0,0,0,45.45,411.75,1,5.050000000000001,False,True,True,False,False,False,False,False,False,True,False,True,False,False,False,False,0,1,0.65897995
0,1,1,0,0,0,0,0,0,20.95,20.95,1,10.475,False,False,False,False,False,False,True,False,False,False,False,False,True,False,False,False,1,0,0.44455412
1,72,1,1,1,1,1,1,1,114.85,8317.95,7,1.5732876712328767,False,True,False,False,True,True,False,False,True,True,False,False,False,False,False,True,0,0,0.0016595782
0,48,0,1,0,1,0,0,1,45.3,2145.0,3,0.9244897959183673,False,True,False,True,False,False,False,False,False,True,False,False,False,False,True,False,1,0,0.021339128
0,15,1,1,1,1,1,0,0,65.6,1010.0,5,4.1,False,False,True,False,False,False,False,True,False,False,True,False,False,True,False,False,0,0,0.018011823
0,18,1,0,0,1,0,1,1,95.15,1779.95,4,5.007894736842106,True,True,True,False,False,True,False,False,False,False,False,False,True,True,False,False,1,0,0.1907392
0,41,1,1,1,1,1,1,1,111.15,4507.15,7,2.6464285714285714,True,False,True,False,False,True,False,False,True,True,False,True,False,False,True,False,0,0,0.04986751
1,66,1,0,0,1,0,1,1,99.5,6822.15,4,1.4850746268656716,True,True,True,False,True,True,False,False,False,True,True,False,False,False,False,True,1,0,0.1398815
0,19,1,0,0,0,0,0,0,19.95,373.5,1,0.9974999999999999,True,False,False,False,False,False,True,False,True,True,False,False,True,True,False,False,0,0,0.0017707126
0,57,1,0,0,1,0,1,1,100.75,5985.0,4,1.7370689655172413,False,True,False,False,True,True,False,True,False,True,True,False,False,False,False,True,0,1,0.58196133
0,1,0,0,0,0,0,0,0,25.35,25.35,0,12.675,True,False,False,True,False,False,False,False,False,False,False,False,True,False,False,False,0,0,0.3779975
0,72,1,1,1,0,1,1,1,105.5,7611.55,6,1.4452054794520548,True,True,True,False,False,True,False,False,True,False,False,False,False,False,False,True,0,0,0.002439942
0,29,1,0,0,0,0,0,0,20.0,599.3,1,0.6666666666666666,False,False,False,False,False,False,True,True,False,False,False,False,True,False,True,False,0,0,0.003388348
0,44,1,0,0,1,0,1,1,92.95,4122.9,4,2.0655555555555556,True,True,True,False,False,True,False,False,False,True,False,False,False,False,True,False,0,0,0.060851302
0,24,1,1,0,0,0,0,0,54.75,1338.15,2,2.19,True,True,True,False,True,False,False,False,False,False,False,True,False,True,False,False,1,0,0.10610275
1,58,1,0,1,0,0,1,1,97.8,5458.8,4,1.6576271186440676,False,True,False,False,True,True,False,True,False,True,False,False,False,False,False,True,0,0,0.4266066
0,1,1,0,0,0,0,0,0,19.9,19.9,1,9.95,False,True,True,False,False,False,True,False,False,True,False,True,False,False,False,False,1,1,0.67879057
1,71,1,0,0,1,0,1,1,104.05,7413.55,4,1.4451388888888888,False,False,False,False,True,True,False,False,True,False,False,False,False,False,False,True,0,0,0.011551157
0,58,1,0,0,1,1,1,1,105.05,6004.85,5,1.7805084745762711,True,True,True,False,True,True,False,True,False,True,False,False,False,False,False,True,0,1,0.9558967
0,23,1,0,0,0,1,1,1,73.75,1756.6,4,3.0729166666666665,False,False,False,False,True,False,False,True,False,True,False,False,True,True,False,False,0,0,0.1579157
1,23,1,0,0,0,0,1,1,90.45,2117.25,3,3.7687500000000003,True,True,False,False,False,True,False,False,False,True,False,True,False,True,False,False,0,1,0.69035476
1,13,1,0,0,0,0,1,1,95.25,1233.65,3,6.803571428571429,True,True,False,False,True,True,False,False,False,True,False,True,False,True,False,False,1,1,0.8916551
0,64,1,0,0,1,0,1,1,100.05,6254.2,4,1.5392307692307692,False,False,False,False,True,True,False,True,False,True,True,False,False,False,False,True,1,0,0.11482545
0,27,1,1,0,0,0,0,0,50.35,1411.35,2,1.7982142857142858,True,False,False,False,False,False,False,False,False,False,False,False,True,False,True,False,0,0,0.017626338
0,10,1,0,0,0,0,0,0,19.5,225.85,1,1.7727272727272727,True,False,False,False,False,False,True,True,False,False,False,False,True,False,False,False,0,0,0.05377719
0,23,1,0,0,0,0,0,0,20.15,405.6,1,0.8395833333333332,True,False,False,False,False,False,True,True,False,False,False,False,False,True,False,False,0,0,0.0055897473
1,33,1,1,1,0,1,0,1,93.55,3055.5,5,2.751470588235294,True,True,False,False,False,True,False,True,False,True,False,True,False,False,True,False,0,0,0.035960354
0,21,1,0,1,1,1,1,1,102.8,2110.15,6,4.672727272727273,False,True,True,False,False,True,False,False,False,True,False,True,False,True,False,False,1,0,0.09364396
0,4,1,0,0,0,0,0,0,70.5,294.2,1,14.1,True,True,False,False,False,True,False,False,False,False,False,True,False,False,False,False,0,1,0.79842806
0,31,1,0,0,0,1,0,0,81.7,2548.65,2,2.553125,True,False,False,False,True,True,False,True,False,False,True,False,False,False,True,False,0,0,0.050999854
0,1,1,0,1,0,0,0,0,49.95,49.95,2,24.975,False,False,False,False,False,False,False,False,False,False,False,True,False,False,False,False,0,0,0.24312489
1,48,1,0,1,0,0,0,1,58.95,2789.7,3,1.203061224489796,False,True,False,False,False,False,False,True,False,True,False,False,False,False,True,False,0,0,0.066027425
0,18,1,0,0,0,1,0,1,90.1,1612.75,3,4.742105263157894,False,False,False,False,True,True,False,False,False,True,False,True,False,True,False,False,1,0,0.25788417
1,49,1,1,1,1,1,0,1,103.0,5166.2,6,2.06,False,False,False,False,True,True,False,True,False,False,False,False,False,False,False,True,0,0,0.08390913
0,52,1,1,0,1,0,0,0,53.75,2790.65,3,1.0141509433962264,True,False,False,False,False,False,False,True,False,False,False,True,False,False,False,True,0,0,0.006424455
0,23,0,1,0,1,1,0,0,40.1,857.75,3,1.6708333333333334,True,False,True,True,False,False,False,False,True,False,False,False,True,True,False,False,0,0,0.018714761
0,41,1,0,0,1,0,1,1,98.05,3990.6,4,2.3345238095238097,False,False,False,False,True,True,False,False,False,False,False,False,False,False,True,False,0,0,0.16447973
0,15,1,0,0,0,0,0,0,19.75,297.3,1,1.234375,False,False,False,False,False,False,True,False,False,False,False,False,False,True,False,False,1,0,0.07202754
0,32,1,0,1,1,0,1,1,104.05,3416.85,5,3.153030303030303,False,False,False,False,True,True,False,True,False,True,True,False,False,False,True,False,0,0,0.33585012
0,28,1,0,1,1,0,0,1,89.9,2433.5,4,3.1,False,True,False,False,False,True,False,False,False,False,True,False,False,False,True,False,0,0,0.18552178
0,68,1,1,1,1,0,1,0,101.35,7110.75,5,1.468840579710145,True,False,False,False,True,True,False,True,False,False,False,False,False,False,False,True,0,0,0.05566251
0,72,1,1,1,1,1,0,1,103.95,7517.7,6,1.4239726027397261,True,True,True,False,True,True,False,False,True,False,True,False,False,False,False,True,0,0,0.005642342
0,16,1,0,0,0,0,0,0,19.7,342.4,1,1.1588235294117646,True,False,False,False,False,False,True,False,False,True,False,False,True,True,False,False,1,0,0.025898684
0,14,1,0,0,0,1,0,0,48.8,664.4,2,3.253333333333333,True,True,False,False,False,False,False,False,False,False,False,False,False,True,False,False,0,0,0.0979867
0,61,1,0,0,1,0,1,1,99.9,6241.35,4,1.6112903225806452,True,True,True,False,True,True,False,True,False,True,False,True,False,False,False,True,0,1,0.8356709
0,46,1,0,1,0,1,1,1,103.15,4594.65,5,2.19468085106383,False,True,False,False,True,True,False,True,False,True,False,True,False,False,True,False,0,0,0.41112545
1,24,0,0,0,1,1,0,0,34.25,828.2,2,1.37,True,True,False,True,False,False,False,False,False,False,False,False,True,True,False,False,0,0,0.01664952
0,17,1,0,1,0,0,0,0,80.5,1336.9,2,4.472222222222222,True,True,False,False,True,True,False,False,False,True,False,False,False,True,False,False,0,0,0.36614546
0,52,1,0,0,0,0,0,0,25.05,1270.25,1,0.47264150943396227,False,True,True,False,True,False,True,False,True,True,False,False,False,False,False,True,0,0,0.0005718278
0,1,1,0,0,0,0,0,0,19.9,19.9,1,9.95,True,False,False,False,False,False,True,False,False,True,False,False,True,False,False,False,0,1,0.85288817
0,52,1,0,1,0,1,0,1,95.65,5088.4,4,1.8047169811320756,True,True,False,False,True,True,False,False,False,True,True,False,False,False,False,True,0,1,0.65300715
0,55,1,1,1,0,1,0,1,75.75,4264.25,5,1.3526785714285714,False,True,True,False,True,False,False,True,False,True,False,False,False,False,False,True,0,0,0.013045534
0,35,1,0,0,0,0,0,0,21.1,741.0,1,0.5861111111111111,False,False,False,False,False,False,True,True,False,False,False,False,True,False,True,False,0,0,0.0073869275
0,53,1,0,1,0,0,1,1,98.4,5149.5,4,1.8222222222222224,False,True,False,False,True,True,False,False,False,True,True,False,False,False,False,True,1,0,0.40560606
0,72,0,1,1,1,1,1,1,65.25,4478.85,6,0.8938356164383562,True,True,True,True,False,False,False,False,True,True,True,False,False,False,False,True,0,0,0.0004699989
0,72,1,1,0,1,1,1,1,84.2,5986.55,6,1.1534246575342466,False,True,True,False,True,False,False,False,True,True,False,False,False,False,False,True,0,0,0.001838857
0,39,0,0,0,1,0,1,1,50.75,2011.4,3,1.26875,False,False,False,True,False,False,False,False,False,True,False,True,False,False,True,False,1,0,0.14061835
0,71,1,1,1,1,1,1,0,77.35,5550.1,6,1.0743055555555554,False,False,False,False,False,False,False,False,True,False,True,False,False,False,False,True,0,0,0.0015025795
0,1,1,0,0,0,0,0,0,19.75,19.75,1,9.875,False,False,False,False,False,False,True,False,False,False,False,False,True,False,False,False,0,1,0.68706465
0,12,1,0,1,1,0,1,1,105.3,1275.65,5,8.1,False,False,True,False,True,True,False,False,False,True,False,True,False,False,False,False,0,1,0.955281
0,33,1,1,0,1,0,1,1,74.75,2453.3,5,2.198529411764706,True,True,True,False,False,False,False,True,False,False,True,False,False,False,True,False,0,0,0.012129222
0,39,1,0,0,1,1,0,0,81.5,3107.3,3,2.0375,False,True,True,False,False,True,False,False,False,True,False,False,False,False,True,False,0,0,0.36600277
0,44,1,0,1,1,1,0,0,61.9,2924.05,4,1.3755555555555554,True,True,True,False,False,False,False,False,False,True,False,False,True,False,True,False,0,0,0.053955026
0,72,1,0,0,0,0,0,0,19.9,1529.65,1,0.2726027397260274,True,False,True,False,False,False,True,False,True,False,True,False,False,False,False,True,0,0,0.0008641424
0,35,1,1,0,1,0,0,0,59.6,2094.9,3,1.6555555555555557,True,False,False,False,True,False,False,False,False,True,False,True,False,False,True,False,0,0,0.13091673
0,2,1,0,0,0,0,0,0,70.7,141.45,1,23.566666666666666,False,True,False,False,False,True,False,False,False,True,False,True,False,False,False,False,1,1,0.8305429
0,56,1,0,1,0,1,1,0,96.95,5432.2,4,1.7008771929824562,True,True,True,False,True,True,False,False,False,True,True,False,False,False,False,True,0,0,0.24974652
0,1,1,1,0,0,0,0,0,50.6,50.6,2,25.3,True,False,True,False,False,False,False,False,False,False,False,False,True,False,False,False,1,0,0.086877726
0,41,1,1,1,1,1,1,1,114.5,4527.45,7,2.7261904761904763,False,False,False,False,True,True,False,False,False,True,False,False,False,False,True,False,1,0,0.18784526
0,21,0,1,1,1,1,1,0,53.15,1183.2,5,2.415909090909091,False,False,True,True,False,False,False,False,True,False,False,False,True,True,False,False,0,0,0.0010387325
0,12,1,1,0,1,1,0,0,61.65,713.75,4,4.742307692307692,False,False,False,False,True,False,False,False,False,True,False,False,True,False,False,False,1,0,0.15709183
0,50,1,0,0,1,0,1,1,75.7,3876.2,4,1.4843137254901961,False,True,False,False,True,False,False,True,False,False,False,False,False,False,False,True,0,0,0.030504232
1,27,0,0,0,0,0,0,1,36.5,1032.0,1,1.3035714285714286,True,True,False,True,False,False,False,False,False,False,False,False,False,False,True,False,1,0,0.45714346
0,43,1,1,0,1,1,1,1,79.15,3566.6,6,1.7988636363636366,True,True,True,False,False,False,False,False,True,True,True,False,False,False,True,False,0,0,0.0040555065
0,35,1,0,0,0,0,0,0,19.15,638.0,1,0.5319444444444444,True,False,False,False,False,False,True,True,False,True,False,False,True,False,True,False,0,0,0.00255798
0,1,1,0,0,0,1,0,0,52.2,52.2,2,26.1,False,False,False,False,False,False,False,False,False,True,False,True,False,False,False,False,1,1,0.72561085
0,1,1,0,0,0,0,0,0,45.7,45.7,1,22.85,False,True,True,False,False,False,False,False,False,True,False,True,False,False,False,False,1,1,0.94736767
0,21,0,0,0,0,0,0,0,26.05,565.75,0,1.184090909090909,True,True,True,True,False,False,False,False,False,True,False,True,False,True,False,False,0,1,0.7734476
0,20,1,0,0,0,0,1,1,90.2,1776.55,3,4.295238095238095,True,True,True,False,False,True,False,False,False,True,False,True,False,True,False,False,1,1,0.6574096
1,51,1,1,0,1,0,0,1,93.65,4839.15,4,1.8009615384615385,True,True,False,False,True,True,False,True,False,True,False,False,False,False,False,True,0,1,0.776937
0,47,1,0,0,0,0,1,1,95.2,4563.0,3,1.9833333333333334,True,True,False,False,True,True,False,True,False,True,True,False,False,False,True,False,0,1,0.51450896
0,43,1,0,0,1,0,1,1,99.3,4209.95,4,2.256818181818182,False,True,True,False,True,True,False,False,False,True,False,False,False,False,True,False,0,1,0.59656954
0,41,1,0,0,0,0,0,0,20.15,802.35,1,0.4797619047619047,True,False,False,False,False,False,True,False,True,False,False,False,True,False,True,False,0,0,0.0024223262
0,38,1,0,0,0,0,0,0,69.5,2625.25,1,1.7820512820512822,True,False,False,False,False,True,False,False,False,True,True,False,False,False,True,False,0,1,0.7497228
0,16,1,0,0,0,0,0,0,19.6,314.45,1,1.1529411764705884,False,True,False,False,False,False,True,False,False,False,False,False,True,True,False,False,0,0,0.054334845
0,9,1,0,0,0,0,1,1,90.8,809.75,3,9.08,False,False,False,False,False,True,False,False,False,True,False,False,False,False,False,False,1,1,0.8065742
0,5,1,1,0,1,0,0,1,90.35,434.5,4,15.058333333333332,True,True,True,False,False,True,False,False,False,True,False,False,True,False,False,False,0,1,0.6700907
0,43,1,0,0,0,0,1,0,56.35,2391.15,2,1.2806818181818183,True,True,False,False,False,False,False,True,False,True,False,False,True,False,True,False,0,0,0.17530653
0,13,0,0,1,0,0,0,0,29.15,357.15,1,2.082142857142857,False,False,False,True,False,False,False,False,False,False,False,True,False,True,False,False,0,0,0.25364634
0,2,1,0,0,0,0,0,0,70.7,129.2,1,23.566666666666666,True,False,False,False,False,True,False,False,False,False,False,False,True,False,False,False,0,1,0.7395502
1,1,1,1,0,1,0,0,0,55.8,55.8,3,27.9,False,False,False,False,False,False,False,False,False,True,False,True,False,False,False,False,1,1,0.67921674
0,58,1,0,0,0,0,0,0,24.45,1513.6,1,0.4144067796610169,True,False,False,False,True,False,True,False,True,True,True,False,False,False,False,True,0,0,0.0023984166
1,71,0,1,1,1,1,0,0,46.35,3353.4,4,0.64375,True,True,False,True,False,False,False,False,True,False,True,False,False,False,False,True,0,0,0.0020869959
0,46,0,1,1,0,0,1,0,45.55,2062.15,3,0.9691489361702127,False,True,False,True,False,False,False,False,False,False,False,True,False,False,True,False,0,0,0.08467023
0,4,1,0,0,0,0,0,0,20.05,83.3,1,4.01,False,False,False,False,False,False,True,False,False,False,False,False,True,False,False,False,0,0,0.063498236
1,6,1,0,1,0,0,1,1,98.25,560.6,4,14.035714285714286,False,False,False,False,True,True,False,False,False,True,False,True,False,False,False,False,1,1,0.9324848
0,1,0,0,0,0,0,0,0,25.85,25.85,0,12.925,False,False,False,True,False,False,False,True,False,False,False,False,True,False,False,False,0,0,0.13025391
0,28,1,0,0,1,0,1,0,59.55,1646.45,3,2.0534482758620687,False,False,False,False,False,False,False,False,False,True,False,False,False,False,True,False,0,0,0.03574337
0,65,1,1,0,1,0,1,1,104.3,6725.3,5,1.5803030303030303,False,True,True,False,True,True,False,False,True,True,True,False,False,False,False,True,0,0,0.40906918
0,13,0,0,1,0,0,0,0,31.65,389.95,1,2.2607142857142857,False,False,False,True,False,False,False,False,False,True,False,True,False,True,False,False,0,1,0.53135544
0,1,1,0,0,0,0,1,0,78.05,78.05,2,39.025,False,False,False,False,False,True,False,False,False,False,False,True,False,False,False,False,1,1,0.9799034
0,1,1,0,0,0,0,0,0,18.85,18.85,1,9.425,False,False,False,False,False,False,True,False,False,False,False,True,False,False,False,False,0,0,0.023092825
0,61,1,0,0,0,0,0,0,24.4,1417.9,1,0.39354838709677414,False,True,False,False,True,False,True,False,True,False,False,False,True,False,False,True,0,0,0.0015371529
0,71,0,0,1,0,0,1,1,49.35,3515.25,3,0.6854166666666667,True,True,False,True,False,False,False,False,True,False,False,True,False,False,False,True,1,0,0.24476127
0,23,1,1,0,1,1,0,1,68.75,1689.45,5,2.8645833333333335,False,True,False,False,False,False,False,True,False,True,False,False,False,True,False,False,0,0,0.044989977
0,71,1,0,0,0,0,0,0,19.7,1301.1,1,0.2736111111111111,True,True,True,False,False,False,True,False,True,False,True,False,False,False,False,True,0,0,0.0005686838
0,28,1,0,0,0,0,0,0,70.4,1992.2,1,2.427586206896552,False,True,True,False,False,True,False,True,False,True,False,False,False,False,True,False,0,0,0.07184904
1,45,1,0,0,1,0,1,1,100.15,4459.8,4,2.1771739130434784,False,False,False,False,True,True,False,True,False,True,False,False,False,False,True,False,0,0,0.17530374
0,19,0,0,0,0,0,0,0,25.15,468.35,0,1.2574999999999998,True,False,False,True,False,False,False,False,False,True,False,False,False,True,False,False,0,0,0.11184751
1,13,1,0,0,1,0,0,0,74.3,940.35,2,5.307142857142857,False,False,False,False,False,True,False,False,False,True,False,True,False,True,False,False,1,1,0.56083006
1,22,1,0,0,0,0,1,1,96.7,2082.95,3,4.2043478260869565,True,False,False,False,True,True,False,False,False,True,False,True,False,True,False,False,1,1,0.97274065
0,38,1,1,1,1,0,0,0,83.9,3233.6,4,2.1512820512820516,False,False,False,False,False,True,False,False,False,True,True,False,False,False,True,False,1,0,0.17739977
0,10,1,0,0,1,0,1,1,67.8,653.15,4,6.163636363636363,False,True,False,False,False,False,False,False,False,True,True,False,False,False,False,False,0,0,0.07186073
0,17,1,0,0,0,0,0,0,20.1,279.5,1,1.1166666666666667,True,False,False,False,False,False,True,True,False,True,False,False,True,True,False,False,0,0,0.005165991
0,70,1,0,0,0,0,0,0,25.35,1715.15,1,0.3570422535211268,True,True,True,False,True,False,True,False,True,False,False,False,True,False,False,True,0,0,0.00050300127
0,55,1,0,0,0,0,0,0,19.35,1153.25,1,0.34553571428571433,True,True,True,False,False,False,True,False,True,False,False,False,False,False,False,True,0,0,0.05210513
0,72,1,0,0,0,0,0,0,25.1,1790.8,1,0.3438356164383562,True,True,True,False,True,False,True,False,True,True,True,False,False,False,False,True,0,0,0.0001432342
1,11,1,0,1,1,1,1,1,111.4,1183.05,6,9.283333333333333,True,False,False,False,True,True,False,False,False,True,False,True,False,False,False,False,0,1,0.9564526
1,61,1,1,1,1,1,0,0,94.2,5895.45,5,1.5193548387096774,False,True,False,False,True,True,False,False,False,True,True,False,False,False,False,True,0,0,0.029951276
1,7,1,1,0,0,0,0,0,76.45,503.6,2,9.55625,False,False,False,False,False,True,False,False,False,False,False,False,False,False,False,False,1,0,0.1750984
0,63,1,1,0,0,1,0,0,84.65,5377.8,3,1.32265625,True,True,False,False,True,True,False,False,True,True,True,False,False,False,False,True,0,0,0.013948146
0,1,1,1,0,0,0,0,0,49.55,49.55,2,24.775,False,False,False,False,False,False,False,False,False,False,False,False,False,False,False,False,0,0,0.17024907
0,70,1,1,1,1,1,1,1,86.45,5950.2,7,1.217605633802817,False,True,False,False,False,False,False,False,True,False,True,False,False,False,False,True,0,0,0.0013987342
0,68,1,0,1,0,1,0,0,83.65,5733.4,3,1.2123188405797103,False,True,True,False,True,True,False,True,False,True,False,False,False,False,False,True,0,0,0.01088165
0,69,1,1,1,1,1,1,1,90.65,6322.1,7,1.2950000000000002,True,False,False,False,True,False,False,False,True,False,False,False,True,False,False,True,0,0,0.0019544016
0,1,1,0,0,0,0,0,0,19.75,19.75,1,9.875,True,True,True,False,False,False,True,False,False,False,False,True,False,False,False,False,0,1,0.58415884
0,1,1,0,0,0,0,0,0,70.15,70.15,1,35.075,False,False,False,False,False,True,False,False,False,True,False,False,True,False,False,False,1,1,0.6208059
1,24,1,0,0,0,0,0,0,76.1,1712.7,1,3.0439999999999996,True,False,False,False,True,True,False,False,False,True,False,True,False,True,False,False,1,1,0.78340226
0,46,1,1,0,1,1,0,0,56.9,2560.1,4,1.2106382978723405,True,True,True,False,False,False,False,True,False,False,False,False,True,False,True,False,0,0,0.12247157
1,28,1,0,0,1,1,1,1,103.3,2890.65,5,3.5620689655172413,False,False,False,False,True,True,False,False,False,True,False,True,False,False,True,False,1,1,0.53482646
1,46,1,0,1,1,0,1,1,104.45,4863.85,5,2.222340425531915,False,False,False,False,True,True,False,False,False,True,False,True,False,False,True,False,0,1,0.5537721
0,63,1,1,1,1,0,1,0,98.0,6218.45,5,1.53125,False,False,False,False,True,True,False,False,True,False,True,False,False,False,False,True,0,0,0.020164242
0,44,0,0,1,1,0,1,1,54.3,2390.45,4,1.2066666666666666,True,True,False,True,False,False,False,False,True,False,False,False,False,False,True,False,0,1,0.56699955
0,32,1,0,1,0,0,1,1,98.85,3145.9,4,2.995454545454545,True,True,False,False,True,True,False,False,False,True,True,False,False,False,True,False,0,0,0.40829378
1,4,0,0,0,1,0,0,0,29.9,118.25,1,5.9799999999999995,True,True,False,True,False,False,False,False,False,True,False,True,False,False,False,False,0,1,0.8418162
0,28,1,0,0,1,0,1,0,85.45,2289.9,3,2.9465517241379313,True,True,True,False,False,True,False,False,False,False,False,True,False,False,True,False,0,0,0.3443315
0,18,1,0,0,0,1,1,0,88.35,1639.3,3,4.6499999999999995,False,False,False,False,True,True,False,False,False,True,False,True,False,True,False,False,1,1,0.6948845
0,45,1,1,0,1,1,1,1,81.65,3618.7,6,1.7750000000000001,False,False,False,False,False,False,False,False,True,False,False,False,False,False,True,False,0,0,0.0071541094
0,53,1,0,1,1,1,0,1,94.45,5042.75,5,1.7490740740740742,False,False,False,False,False,True,False,True,False,True,True,False,False,False,False,True,0,0,0.11745556
0,26,1,0,0,0,0,0,0,19.4,525.55,1,0.7185185185185184,True,False,False,False,False,False,True,True,False,False,False,False,True,False,True,False,0,0,0.0139873335
0,33,1,0,1,0,0,1,1,100.0,3320.6,4,2.9411764705882355,False,False,False,False,True,True,False,False,False,True,False,True,False,False,True,False,0,1,0.51909703
1,34,1,0,1,1,0,0,1,94.25,3217.55,4,2.692857142857143,False,True,False,False,True,True,False,False,False,True,False,True,False,False,True,False,1,0,0.3361292
1,27,1,1,0,1,0,1,1,101.25,2754.45,5,3.6160714285714284,False,True,False,False,False,True,False,False,False,True,False,True,False,False,True,False,1,0,0.43003833
0,72,0,1,1,1,1,0,0,45.25,3139.8,4,0.6198630136986302,True,True,True,True,False,False,False,False,True,False,True,False,False,False,False,True,0,0,0.0034772705
0,2,1,1,0,0,0,0,0,74.4,139.4,2,24.8,False,True,False,False,False,True,False,False,False,True,False,True,False,False,False,False,1,1,0.552258
0,4,1,0,0,1,1,0,1,90.4,356.65,4,18.080000000000002,True,False,False,False,False,True,False,False,False,True,False,True,False,False,False,False,0,1,0.6508959
0,9,1,0,0,0,0,0,1,83.3,803.3,2,8.33,False,False,False,False,True,True,False,False,False,True,False,True,False,False,False,False,1,1,0.931603
0,6,1,0,0,1,0,0,1,83.9,497.55,3,11.985714285714286,False,False,False,False,False,True,False,False,False,False,False,True,False,False,False,False,1,1,0.7238213
0,68,1,0,0,0,0,0,0,25.75,1686.15,1,0.37318840579710144,True,True,True,False,True,False,True,False,True,False,False,False,True,False,False,True,0,0,0.00050300127
0,13,1,0,0,0,0,0,1,55.95,734.35,2,3.9964285714285714,False,True,True,False,False,False,False,False,False,False,False,True,False,True,False,False,1,0,0.2168083
0,7,0,1,1,1,0,1,1,58.85,465.7,5,7.35625,True,True,True,True,False,False,False,False,False,False,False,False,True,False,False,False,0,0,0.23283921
0,7,1,1,0,0,0,0,0,50.7,350.35,2,6.3375,False,True,True,False,False,False,False,False,False,False,False,False,True,False,False,False,0,0,0.14094825
0,15,1,0,0,1,1,0,0,59.65,867.1,3,3.728125,True,True,True,False,True,False,False,False,False,True,False,False,False,True,False,False,0,0,0.16037774
0,14,1,0,0,0,1,1,0,89.95,1178.4,3,5.996666666666667,True,False,False,False,True,True,False,False,False,True,False,True,False,True,False,False,1,1,0.9313981
0,1,1,0,0,0,0,1,0,78.95,78.95,2,39.475,True,False,False,False,False,True,False,False,False,True,False,True,False,False,False,False,1,1,0.9891186
0,7,0,1,1,1,0,0,0,38.55,280.0,3,4.81875,True,True,True,True,False,False,False,False,True,False,False,False,True,False,False,False,0,0,0.023905514
0,16,1,0,0,0,0,1,0,84.95,1378.25,2,4.997058823529412,False,True,False,False,True,True,False,False,False,True,False,True,False,True,False,False,1,1,0.8650213
0,58,1,0,1,0,1,1,0,94.7,5430.35,4,1.605084745762712,True,True,True,False,True,True,False,True,False,True,True,False,False,False,False,True,0,0,0.11090185
0,5,1,0,0,1,0,1,1,70.0,347.4,4,11.666666666666666,True,False,False,False,False,False,False,True,False,True,False,False,True,False,False,False,1,0,0.22435921
0,15,1,0,0,0,0,0,0,69.0,994.8,1,4.3125,False,False,True,False,False,True,False,False,False,False,False,False,False,True,False,False,1,0,0.11767559
0,55,1,0,1,0,0,0,0,77.75,4266.4,2,1.3883928571428572,False,True,False,False,True,True,False,False,False,True,True,False,False,False,False,True,0,0,0.3621804
1,66,1,0,0,1,1,1,1,102.85,6976.75,5,1.5350746268656716,False,False,False,False,True,True,False,True,False,True,True,False,False,False,False,True,0,0,0.17479241
0,66,1,1,1,1,1,1,1,91.7,6075.9,7,1.3686567164179104,True,True,False,False,True,False,False,False,True,False,False,False,False,False,False,True,0,0,0.008129964
1,66,1,0,1,1,0,1,1,80.55,5265.1,5,1.2022388059701492,False,True,False,False,True,False,False,False,True,True,False,False,False,False,False,True,1,0,0.056939874
0,13,1,0,1,0,0,0,0,74.65,966.25,2,5.332142857142857,False,False,False,False,False,True,False,True,False,True,False,False,True,True,False,False,0,0,0.2484971
0,8,1,0,1,1,0,1,0,94.0,773.65,4,10.444444444444445,True,False,False,False,True,True,False,False,False,True,False,True,False,False,False,False,1,1,0.804711
1,23,1,0,1,1,0,1,1,106.4,2483.5,5,4.433333333333334,True,False,False,False,True,True,False,False,False,True,False,True,False,True,False,False,1,1,0.9236075
0,55,1,1,1,0,0,1,0,96.75,5238.9,4,1.7276785714285714,True,True,False,False,True,True,False,False,False,True,False,True,False,False,False,True,1,0,0.32448575
0,1,1,0,0,0,0,0,0,70.8,70.8,1,35.4,False,False,False,False,False,True,False,False,False,True,False,False,True,False,False,False,1,1,0.8235379
0,1,1,0,0,0,1,0,0,74.0,74.0,2,37.0,True,False,False,False,False,True,False,False,False,False,False,True,False,False,False,False,0,0,0.38130933
0,69,1,0,1,1,1,1,1,110.5,7455.45,6,1.5785714285714285,False,False,False,False,True,True,False,False,True,True,False,False,False,False,False,True,0,0,0.1447344
0,1,1,0,1,0,0,0,1,90.85,90.85,3,45.425,True,False,False,False,True,True,False,False,False,True,True,False,False,False,False,False,1,1,0.82569647
0,18,1,0,0,0,0,0,0,20.15,390.85,1,1.0605263157894735,False,False,True,False,False,False,True,True,False,False,False,False,False,True,False,False,1,0,0.00671789
0,50,1,0,1,0,1,1,1,100.2,5038.45,5,1.9647058823529413,False,False,False,False,False,True,False,False,True,True,False,False,True,False,False,True,0,0,0.031409692
0,10,1,0,0,0,0,0,0,18.85,163.2,1,1.7136363636363638,False,False,False,False,False,False,True,False,False,False,False,False,True,False,False,False,0,0,0.04944251
0,69,1,0,0,1,0,0,0,79.2,5420.65,2,1.1314285714285715,True,True,True,False,True,True,False,False,True,True,True,False,False,False,False,True,0,0,0.18476154
0,34,1,1,1,0,0,1,1,103.8,3470.8,5,2.9657142857142857,True,False,True,False,True,True,False,True,False,True,False,True,False,False,True,False,0,0,0.30006337
0,60,1,1,1,1,1,0,0,65.85,3928.3,5,1.0795081967213114,True,True,True,False,False,False,False,True,False,True,False,False,False,False,False,True,0,0,0.012663388
0,52,0,1,0,1,0,0,1,44.25,2276.1,3,0.8349056603773585,True,True,True,True,False,False,False,True,False,False,False,False,False,False,False,True,0,0,0.018520612
1,14,1,1,1,0,0,0,0,78.85,1043.8,3,5.256666666666666,False,False,False,False,False,True,False,False,False,False,False,True,False,True,False,False,0,0,0.23129487
0,62,1,1,1,0,0,1,1,105.5,6487.2,5,1.6746031746031746,True,True,True,False,True,True,False,False,False,True,False,True,False,False,False,True,0,0,0.15254045
0,54,1,1,1,0,0,1,1,106.55,5763.3,5,1.9372727272727273,False,True,False,False,True,True,False,True,False,False,False,False,False,False,False,True,1,0,0.200086
0,72,0,1,0,1,1,1,1,61.2,4390.25,5,0.8383561643835616,True,False,False,True,False,False,False,False,True,True,True,False,False,False,False,True,0,0,0.004940085
1,1,0,0,1,1,0,0,1,43.3,43.3,3,21.65,True,False,False,True,False,False,False,False,False,True,False,True,False,False,False,False,1,1,0.96078783
0,64,1,1,1,0,0,0,0,81.05,5135.35,3,1.2469230769230768,True,True,True,False,False,True,False,False,False,False,False,True,False,False,False,True,0,0,0.04436934
0,34,1,0,0,0,0,0,0,24.7,780.2,1,0.7057142857142857,False,True,False,False,True,False,True,False,False,False,False,True,False,False,True,False,0,0,0.040625047
0,48,1,0,1,0,0,0,0,75.15,3772.65,2,1.5336734693877552,False,False,False,False,False,True,False,True,False,False,False,True,False,False,True,False,0,0,0.060751755
1,64,1,0,0,0,0,0,0,20.05,1198.05,1,0.30846153846153845,True,False,False,False,False,False,True,False,True,True,False,False,False,False,False,True,0,0,0.008811417
1,36,1,0,0,0,0,0,1,84.1,3021.6,2,2.2729729729729726,True,True,False,False,True,True,False,False,False,True,False,True,False,False,True,False,1,1,0.8038031
0,26,1,0,0,1,0,0,0,50.35,1285.8,2,1.864814814814815,True,True,True,False,False,False,False,True,False,False,False,False,True,False,True,False,0,0,0.017839245
0,4,1,0,0,0,0,1,1,88.45,370.65,3,17.69,True,False,False,False,False,True,False,False,False,True,False,True,False,False,False,False,1,1,0.8705112
0,60,1,1,0,1,1,1,1,110.6,6586.85,6,1.8131147540983605,True,True,True,False,True,True,False,False,True,True,False,True,False,False,False,True,0,0,0.24080406
0,15,1,0,0,0,0,0,0,19.35,278.85,1,1.209375,True,True,True,False,False,False,True,False,True,False,False,False,True,True,False,False,0,0,0.035676893
0,41,1,1,1,1,1,1,1,113.6,4594.95,7,2.7047619047619045,False,True,False,False,True,True,False,False,False,True,False,False,False,False,True,False,1,0,0.23186591
0,29,1,0,0,0,0,0,0,20.35,617.35,1,0.6783333333333333,False,False,False,False,False,False,True,True,False,False,False,False,True,False,True,False,0,0,0.00906049
0,2,1,0,0,0,0,0,0,19.5,27.55,1,6.5,False,False,False,False,False,False,True,False,False,False,False,False,True,False,False,False,0,1,0.7011634
1,69,1,1,0,1,1,0,1,74.1,5031.0,5,1.0585714285714285,True,False,False,False,True,False,False,False,True,False,True,False,False,False,False,True,0,0,0.017948441
0,13,1,0,0,1,1,0,0,53.45,718.1,3,3.817857142857143,False,False,True,False,False,False,False,False,False,False,False,False,True,True,False,False,0,0,0.07469396
0,51,1,0,0,1,0,0,1,90.15,4554.85,3,1.7336538461538462,False,True,True,False,True,True,False,True,False,True,False,True,False,False,False,True,0,1,0.6821034
0,32,1,1,0,0,0,1,1,74.75,2282.95,4,2.265151515151515,False,False,False,False,True,False,False,True,False,False,False,False,True,False,True,False,0,0,0.067465365
0,29,1,1,0,1,1,0,0,58.0,1734.5,4,1.9333333333333333,False,False,False,False,False,False,False,True,False,False,True,False,False,False,True,False,0,0,0.11496011
0,58,1,1,1,1,1,0,0,71.6,4230.25,5,1.2135593220338983,True,True,True,False,True,False,False,False,True,False,True,False,False,False,False,True,0,0,0.014663876
1,58,1,1,1,0,1,0,0,89.85,5125.75,4,1.5228813559322032,True,True,True,False,True,True,False,True,False,True,False,False,False,False,False,True,0,0,0.0229419
0,1,1,0,0,0,0,1,0,55.0,55.0,2,27.5,False,False,False,False,False,False,False,False,False,True,True,False,False,False,False,False,1,0,0.4088586
1,55,1,0,1,1,1,0,0,90.45,5044.8,4,1.6151785714285716,False,True,False,False,True,True,False,False,False,False,False,True,False,False,False,True,0,0,0.13032673
0,72,1,1,1,1,1,1,0,82.3,5815.15,6,1.1273972602739726,True,True,True,False,True,False,False,False,True,False,False,False,False,False,False,True,0,0,0.0008478941
0,61,1,0,1,0,1,1,0,94.1,5638.3,4,1.5177419354838708,True,True,False,False,True,True,False,False,True,True,False,True,False,False,False,True,1,0,0.050635304
1,15,1,0,0,1,1,0,0,83.05,1258.3,3,5.190625,False,True,False,False,True,True,False,False,False,True,False,True,False,True,False,False,1,1,0.5057793
0,2,1,0,0,0,0,0,0,20.0,32.7,1,6.666666666666667,True,False,False,False,False,False,True,False,False,False,False,False,True,False,False,False,0,1,0.549146
0,53,1,1,1,1,1,0,1,99.5,5424.25,6,1.8425925925925926,False,False,False,False,False,True,False,False,True,False,False,False,True,False,False,True,0,0,0.008257668
0,59,1,0,0,0,0,0,0,25.0,1510.5,1,0.4166666666666667,True,False,False,False,True,False,True,False,True,False,False,False,True,False,False,True,0,0,0.003837703
1,17,1,0,1,1,0,1,0,89.15,1496.9,4,4.952777777777778,False,False,False,False,False,True,False,False,False,True,False,True,False,True,False,False,1,1,0.51976925
0,22,1,0,0,1,1,1,1,78.65,1663.75,5,3.4195652173913045,True,True,True,False,True,False,False,True,False,True,False,False,True,True,False,False,0,0,0.25482777
0,28,1,0,0,1,1,0,1,91.0,2626.15,4,3.1379310344827585,True,False,False,False,False,True,False,False,False,False,False,True,False,False,True,False,0,0,0.0344104
0,48,1,1,1,0,0,0,0,55.5,2627.35,3,1.1326530612244898,False,False,False,False,False,False,False,False,True,False,True,False,False,False,True,False,0,0,0.059061874
0,3,0,0,0,0,1,0,0,29.9,92.25,1,7.475,True,True,False,True,False,False,False,False,False,True,False,True,False,False,False,False,0,1,0.6553867
0,35,1,0,1,1,0,1,1,102.35,3626.1,5,2.8430555555555554,True,False,False,False,False,True,False,True,False,True,False,False,False,False,True,False,1,0,0.029333072
0,1,1,0,0,0,0,0,0,69.55,69.55,1,34.775,True,False,False,False,False,True,False,False,False,True,False,True,False,False,False,False,1,1,0.9844818
0,62,1,1,1,0,0,0,1,92.3,5731.45,4,1.465079365079365,True,False,False,False,True,True,False,True,False,True,False,False,False,False,False,True,0,0,0.07803448
0,44,1,0,0,0,0,0,0,19.55,819.95,1,0.43444444444444447,True,False,True,False,False,False,True,False,True,False,False,False,False,False,True,False,0,0,0.019500576
0,69,0,0,1,1,0,0,0,35.75,2492.25,2,0.5107142857142857,True,False,False,True,False,False,False,True,False,True,False,False,False,False,False,True,0,0,0.041552745
0,22,1,0,0,0,0,1,1,95.1,2162.6,3,4.134782608695652,True,False,False,False,True,True,False,False,False,True,False,True,False,True,False,False,0,1,0.7501158
0,7,1,0,0,0,0,0,0,74.9,541.15,1,9.3625,False,False,False,False,True,True,False,False,False,True,False,True,False,False,False,False,1,1,0.79791236
0,45,1,1,0,0,1,0,0,54.65,2553.7,3,1.1880434782608695,True,True,True,False,False,False,False,False,True,False,False,False,False,False,True,False,0,0,0.08138116
0,3,1,0,0,0,0,0,1,80.35,253.8,2,20.0875,True,False,False,False,False,True,False,False,False,True,False,True,False,False,False,False,0,1,0.9414644
0,18,1,0,0,0,0,0,0,74.15,1345.75,1,3.9026315789473687,False,False,False,False,True,True,False,False,False,True,False,True,False,True,False,False,0,1,0.59520787
0,22,1,1,1,0,0,0,0,59.0,1254.7,3,2.5652173913043477,True,False,False,False,True,False,False,False,False,False,False,True,False,True,False,False,1,0,0.020534787
0,19,1,0,1,0,0,1,1,99.95,1931.75,4,4.9975000000000005,True,False,False,False,True,True,False,False,False,True,False,True,False,True,False,False,1,0,0.47927737
0,10,1,1,1,1,1,1,1,110.1,1043.3,7,10.009090909090908,True,False,False,False,False,True,False,False,False,True,False,True,False,False,False,False,1,1,0.6459136
0,39,1,0,1,1,0,1,1,103.45,3994.45,5,2.58625,False,False,False,False,True,True,False,False,False,True,False,True,False,False,True,False,1,0,0.2808924
0,56,1,1,0,0,1,1,1,105.35,5794.45,5,1.8482456140350876,True,False,False,False,True,True,False,False,False,True,False,False,True,False,False,True,0,1,0.59043926
0,36,0,1,1,1,1,0,1,53.1,1901.25,5,1.4351351351351351,False,False,False,True,False,False,False,False,True,True,False,False,True,False,True,False,0,0,0.0021947601
0,41,1,1,0,1,1,1,1,79.85,3320.75,6,1.901190476190476,False,False,False,False,False,False,False,True,False,True,False,False,False,False,True,False,0,0,0.062326245
0,6,1,0,0,0,0,0,0,44.6,260.8,1,6.371428571428572,True,True,True,False,False,False,False,False,False,True,False,False,False,False,False,False,1,0,0.22680937
1,29,1,0,0,1,0,1,1,98.5,3004.15,4,3.283333333333333,True,True,False,False,True,True,False,False,False,True,False,True,False,False,True,False,1,1,0.9119601
0,44,1,1,1,1,0,1,1,111.5,4915.15,6,2.477777777777778,True,False,False,False,True,True,False,False,False,True,False,True,False,False,True,False,0,0,0.17136388
0,25,1,0,0,0,0,0,0,19.2,532.1,1,0.7384615384615384,False,False,False,False,False,False,True,False,False,True,True,False,False,False,True,False,0,0,0.01695296
0,8,1,0,0,0,0,0,0,19.9,153.95,1,2.211111111111111,True,True,True,False,False,False,True,True,False,False,True,False,False,False,False,False,0,0,0.037179828
0,8,1,0,0,1,0,1,1,94.7,740.3,4,10.522222222222222,True,False,False,False,False,True,False,False,False,True,False,True,False,False,False,False,1,1,0.5655726
0,54,1,0,0,1,0,0,1,89.4,4869.5,3,1.6254545454545455,True,False,False,False,True,True,False,False,False,False,True,False,False,False,False,True,0,0,0.40489057
0,59,1,0,0,0,0,0,0,20.6,1286.0,1,0.3433333333333334,False,True,True,False,False,False,True,False,True,False,False,False,True,False,False,True,0,0,0.0014956966
0,1,0,0,0,0,0,0,0,24.6,24.6,0,12.3,False,False,False,True,False,False,False,False,False,False,False,True,False,False,False,False,1,0,0.23067228
0,6,1,0,0,0,0,0,0,20.15,130.5,1,2.8785714285714286,True,False,False,False,False,False,True,False,False,False,False,False,False,False,False,False,0,0,0.05812461
0,8,1,0,0,0,0,0,0,19.5,159.35,1,2.1666666666666665,False,True,True,False,False,False,True,False,True,False,False,False,False,False,False,False,0,0,0.009005301
0,72,1,0,0,0,0,0,0,19.7,1379.8,1,0.26986301369863014,False,True,True,False,False,False,True,False,True,False,True,False,False,False,False,True,0,0,0.0005906876
0,13,0,0,0,1,1,0,0,35.4,450.4,2,2.5285714285714285,False,False,False,True,False,False,False,False,True,False,False,False,True,True,False,False,0,0,0.0050012213
0,72,1,1,1,1,1,1,1,109.5,7854.9,7,1.5,False,True,True,False,False,True,False,False,True,True,True,False,False,False,False,True,0,0,0.0038467168
0,71,1,1,1,1,1,1,1,90.55,6404.0,7,1.2576388888888888,True,True,False,False,True,False,False,False,True,False,False,False,False,False,False,True,0,0,0.001967284
1,20,1,0,0,0,0,1,0,80.7,1614.2,2,3.842857142857143,False,False,False,False,False,True,False,False,False,False,False,False,False,True,False,False,0,0,0.051469028
0,67,1,0,1,0,0,0,0,50.55,3431.75,2,0.7433823529411764,False,True,True,False,False,False,False,True,False,False,True,False,False,False,False,True,0,0,0.018930418
0,71,1,0,0,0,0,0,0,24.5,1816.2,1,0.3402777777777778,True,True,False,False,True,False,True,False,True,True,False,True,False,False,False,True,0,0,0.0039324793
1,65,0,0,1,1,0,1,1,53.5,3517.9,4,0.8106060606060606,False,False,False,True,False,False,False,False,True,True,False,False,False,False,False,True,0,0,0.023431454
0,7,1,0,0,0,0,0,0,69.95,529.5,1,8.74375,True,True,True,False,False,True,False,False,False,True,False,False,False,False,False,False,1,1,0.5369902
0,55,1,0,0,1,0,1,1,77.8,4323.35,4,1.3892857142857142,True,False,False,False,True,False,False,False,True,True,False,False,False,False,False,True,0,0,0.008254701
0,38,1,0,0,0,0,0,0,20.1,730.1,1,0.5153846153846154,True,False,False,False,False,False,True,True,False,False,False,False,True,False,True,False,0,0,0.0106023485
1,27,1,0,0,1,0,0,0,78.05,2135.5,2,2.7875,False,False,False,False,True,True,False,False,False,True,False,True,False,False,True,False,1,0,0.42370996
0,9,1,0,0,0,1,1,1,69.4,571.45,4,6.94,False,False,True,False,False,False,False,False,False,True,True,False,False,False,False,False,0,0,0.10643092
0,7,1,0,1,0,0,1,1,94.25,669.0,4,11.78125,True,False,False,False,False,True,False,False,False,True,False,True,False,False,False,False,1,1,0.8936664
1,35,1,1,1,1,1,1,1,110.8,3836.3,7,3.0777777777777775,False,False,False,False,True,True,False,True,False,True,False,False,False,False,True,False,0,0,0.13150024
1,40,1,0,1,0,1,1,1,99.2,4062.2,5,2.419512195121951,False,True,False,False,False,True,False,True,False,True,True,False,False,False,True,False,1,0,0.4110139
0,64,1,1,1,1,0,0,0,91.8,5960.5,4,1.4123076923076923,True,True,True,False,True,True,False,False,False,True,False,True,False,False,False,True,0,0,0.47926965
0,31,1,0,0,0,0,0,0,21.0,697.7,1,0.65625,False,True,True,False,False,False,True,False,True,False,False,False,True,False,True,False,0,0,0.06588683
0,18,1,1,0,0,0,1,1,99.4,1742.95,4,5.231578947368422,True,True,False,False,True,True,False,False,False,True,False,True,False,True,False,False,1,1,0.96365154
1,33,1,0,1,1,0,1,1,105.35,3465.05,5,3.0985294117647055,False,False,True,False,True,True,False,False,False,True,False,False,False,False,True,False,0,1,0.79690534
0,22,1,1,0,0,0,0,0,54.45,1127.35,2,2.367391304347826,True,False,False,False,True,False,False,False,False,True,False,True,False,True,False,False,1,0,0.3653822
0,6,1,0,0,0,0,0,0,20.0,109.2,1,2.857142857142857,False,False,False,False,False,False,True,False,False,False,False,False,True,False,False,False,0,0,0.057525717
1,63,0,1,0,0,1,0,0,36.1,2298.9,2,0.5640625,True,True,False,True,False,False,False,True,False,False,False,False,False,False,False,True,0,0,0.0011090011
0,37,1,1,1,1,1,0,0,67.45,2443.3,5,1.7750000000000001,True,False,False,False,True,False,False,True,False,False,False,True,False,False,True,False,0,0,0.07535022
0,21,0,1,0,0,1,0,0,35.1,770.4,2,1.5954545454545455,False,False,False,True,False,False,False,False,True,False,False,False,True,True,False,False,0,0,0.0019502995
0,4,1,1,1,0,0,0,0,54.7,235.05,3,10.940000000000001,False,True,False,False,False,False,False,False,False,False,False,False,True,False,False,False,0,0,0.095188044
0,69,1,0,0,0,0,0,0,19.9,1356.7,1,0.28428571428571425,True,True,True,False,False,False,True,False,True,False,False,False,False,False,False,True,0,0,0.0006536747
0,15,1,0,1,1,1,1,1,76.5,1155.6,6,4.78125,False,True,True,False,False,False,False,False,False,False,False,False,False,True,False,False,0,0,0.015861886
0,8,1,1,0,0,0,0,0,74.5,609.9,2,8.277777777777779,True,True,False,False,False,True,False,False,False,True,False,True,False,False,False,False,1,1,0.589105
0,48,1,0,0,0,0,0,0,24.0,1183.05,1,0.4897959183673469,False,False,False,False,True,False,True,False,True,False,True,False,False,False,True,False,0,0,0.0028624428
0,1,1,0,0,0,0,0,0,50.1,50.1,1,25.05,False,False,False,False,True,False,False,False,False,True,False,True,False,False,False,False,0,1,0.7144453
0,1,1,0,0,0,0,0,0,20.2,20.2,1,10.1,False,False,False,False,False,False,True,False,False,True,False,False,True,False,False,False,1,1,0.7741897
0,8,1,0,1,0,0,0,0,55.75,446.8,2,6.194444444444445,False,True,True,False,True,False,False,False,False,False,False,True,False,False,False,False,0,0,0.050424248
0,24,1,0,0,0,1,0,0,54.6,1242.25,2,2.184,True,False,False,False,True,False,False,True,False,False,False,False,False,True,False,False,0,0,0.019469373
0,32,1,0,1,0,0,0,0,54.2,1739.6,2,1.6424242424242426,False,False,False,False,True,False,False,False,False,True,False,True,False,False,True,False,0,0,0.12500796
0,21,1,1,0,1,0,1,1,104.4,2200.25,5,4.745454545454546,False,True,False,False,True,True,False,False,False,True,False,False,False,True,False,False,1,1,0.597665
0,47,1,1,0,1,1,1,1,103.7,4730.6,6,2.160416666666667,False,False,False,False,False,True,False,True,False,True,False,True,False,False,True,False,0,0,0.12968045
0,26,1,0,0,0,1,0,0,80.5,2088.8,2,2.9814814814814814,True,False,False,False,True,True,False,False,False,True,False,True,False,False,True,False,1,0,0.38447225
0,21,0,1,0,1,0,1,1,55.95,1157.05,4,2.5431818181818184,False,True,True,True,False,False,False,True,False,True,False,True,False,True,False,False,1,0,0.14963369
0,21,1,1,0,0,0,1,1,75.9,1549.75,4,3.45,True,True,True,False,True,False,False,True,False,True,False,False,False,True,False,False,0,0,0.29762638
0,43,0,0,1,0,0,0,0,29.3,1224.05,1,0.6659090909090909,True,True,True,True,False,False,False,False,False,False,True,False,False,False,True,False,0,0,0.05587588
1,8,0,0,1,1,0,0,1,43.35,371.4,3,4.816666666666666,True,True,False,True,False,False,False,False,False,True,False,False,True,False,False,False,0,1,0.582614
0,48,1,0,0,0,0,0,0,24.35,1133.7,1,0.4969387755102041,False,False,False,False,True,False,True,True,False,False,False,False,False,False,True,False,0,0,0.008124021
0,22,1,1,0,0,1,0,1,89.05,1886.25,4,3.8717391304347823,False,False,False,False,False,True,False,False,False,True,False,True,False,True,False,False,0,0,0.08921961
1,1,1,0,0,0,0,0,0,44.0,44.0,1,22.0,True,False,False,False,False,False,False,False,False,False,False,True,False,False,False,False,0,0,0.45649803
1,2,1,1,1,0,0,0,0,54.85,104.2,3,18.283333333333335,False,False,False,False,False,False,False,False,False,False,False,False,True,False,False,False,1,1,0.60591906
0,64,1,1,1,1,1,1,1,86.4,5442.05,7,1.3292307692307692,False,False,False,False,True,False,False,False,True,True,True,False,False,False,False,True,0,0,0.0011139839
0,8,1,0,0,0,0,0,0,20.15,156.25,1,2.238888888888889,False,True,False,False,False,False,True,False,False,False,False,False,False,False,False,False,1,0,0.033273686
1,29,1,0,0,0,1,0,0,79.3,2414.55,2,2.643333333333333,True,True,False,False,True,True,False,False,False,True,False,True,False,False,True,False,0,0,0.4072239
0,4,1,0,0,0,1,0,0,50.05,179.35,2,10.01,True,True,False,False,False,False,False,False,False,False,False,False,True,False,False,False,1,0,0.39568436
1,51,1,0,0,0,0,0,0,19.6,967.9,1,0.37692307692307697,False,False,False,False,False,False,True,False,True,False,True,False,False,False,False,True,0,0,0.009449322
0,1,1,0,0,0,0,0,0,44.9,44.9,1,22.45,True,False,False,False,False,False,False,False,False,True,False,False,True,False,False,False,0,1,0.7645078
0,4,1,0,0,0,0,1,0,81.0,340.85,2,16.2,True,False,False,False,False,True,False,False,False,True,False,True,False,False,False,False,1,1,0.9395692
1,7,1,0,0,0,0,1,1,89.15,574.35,3,11.14375,False,False,False,False,False,True,False,False,False,True,False,True,False,False,False,False,0,1,0.72419226
0,3,1,0,0,1,1,0,0,55.8,154.55,3,13.95,True,True,False,False,False,False,False,False,False,True,False,False,True,False,False,False,0,1,0.76908547
0,27,1,0,1,0,0,0,0,49.85,1336.15,2,1.780357142857143,False,True,True,False,False,False,False,False,False,False,False,False,True,False,True,False,0,0,0.0059417025
0,45,1,1,1,1,0,1,1,78.8,3597.5,6,1.7130434782608694,True,True,False,False,False,False,False,True,False,False,False,False,False,False,True,False,0,0,0.041107655
0,18,1,0,0,0,0,0,0,75.6,1395.05,1,3.978947368421052,True,False,False,False,True,True,False,False,False,True,False,False,False,True,False,False,0,1,0.59408677
0,42,1,0,0,1,1,0,0,85.9,3729.75,3,1.9976744186046513,False,True,False,False,True,True,False,False,False,True,True,False,False,False,True,False,0,1,0.6428256
1,21,1,1,1,0,0,0,1,64.95,1339.8,4,2.9522727272727276,True,True,False,False,False,False,False,False,False,True,False,False,False,True,False,False,0,0,0.026849328
0,27,1,0,0,0,1,0,0,79.5,2180.55,2,2.8392857142857144,True,False,True,False,True,True,False,False,False,True,False,True,False,False,True,False,1,1,0.56641877
0,29,1,0,0,0,0,0,0,19.55,521.8,1,0.6516666666666667,False,True,False,False,False,False,True,False,True,True,False,False,True,False,True,False,0,0,0.02787647
0,19,1,0,1,0,0,0,1,59.8,1130.85,3,2.9899999999999998,False,True,False,False,False,False,False,False,False,True,False,False,True,True,False,False,0,0,0.07255303
1,44,1,0,0,0,0,0,0,19.35,847.25,1,0.43000000000000005,True,True,False,False,False,False,True,False,True,True,True,False,False,False,True,False,0,0,0.0048877453
0,6,1,0,0,0,0,0,0,19.55,122.9,1,2.792857142857143,True,True,True,False,False,False,True,False,False,False,False,False,True,False,False,False,0,0,0.18484011
0,57,1,1,0,0,0,1,1,99.65,5497.05,4,1.7181034482758621,False,True,False,False,True,True,False,False,False,True,False,True,False,False,False,True,0,0,0.22951087
0,35,1,1,0,0,1,0,0,54.95,1916.0,3,1.526388888888889,False,True,True,False,False,False,False,True,False,True,False,False,False,False,True,False,0,0,0.015234222
0,64,1,1,0,1,0,0,1,93.4,5822.3,4,1.436923076923077,True,True,True,False,True,True,False,False,True,False,False,False,False,False,False,True,0,0,0.060004897
0,42,0,1,0,0,0,1,0,40.15,1626.05,2,0.9337209302325581,True,True,False,True,False,False,False,False,False,True,False,False,False,False,True,False,0,0,0.040499333
0,22,1,1,0,0,0,0,0,75.0,1573.95,2,3.260869565217391,True,True,True,False,False,True,False,False,False,False,False,False,False,True,False,False,0,0,0.26259103
0,43,1,0,0,0,0,0,0,19.55,876.15,1,0.44431818181818183,True,False,False,False,False,False,True,False,True,False,False,False,True,False,True,False,0,0,0.042448685
0,12,1,0,0,0,0,0,0,20.05,265.45,1,1.5423076923076924,True,False,False,False,False,False,True,False,False,False,True,False,False,False,False,False,0,0,0.06448031
0,69,1,0,0,0,0,0,0,19.3,1447.9,1,0.27571428571428575,True,False,False,False,False,False,True,False,True,True,False,False,False,False,False,True,0,0,0.010174229
0,2,1,0,0,0,0,1,1,95.15,196.9,3,31.71666666666667,False,False,False,False,True,True,False,False,False,True,False,True,False,False,False,False,1,1,0.9712829
0,12,1,0,0,0,0,0,0,19.45,246.25,1,1.4961538461538462,False,False,False,False,False,False,True,False,False,False,False,False,True,False,False,False,0,0,0.17412719
0,52,1,0,0,1,0,0,1,89.45,4577.75,3,1.687735849056604,True,False,False,False,True,True,False,False,True,True,True,False,False,False,False,True,0,0,0.13939807
0,49,0,1,0,0,0,1,0,40.65,2070.75,2,0.813,False,True,False,True,False,False,False,False,False,False,False,False,False,False,False,True,0,0,0.010297375
0,5,0,1,0,1,1,0,0,40.0,223.45,3,6.666666666666667,True,False,False,True,False,False,False,False,False,False,False,False,True,False,False,False,1,0,0.09803959
0,66,1,1,1,1,0,1,1,109.25,7082.5,6,1.6305970149253732,False,True,True,False,True,True,False,False,True,False,False,False,False,False,False,True,0,0,0.198868
0,1,1,0,0,0,0,0,0,69.6,69.6,1,34.8,False,False,False,False,False,True,False,False,False,True,False,True,False,False,False,False,1,1,0.97265434
0,16,1,0,0,0,0,0,0,20.15,341.35,1,1.1852941176470588,True,True,True,False,False,False,True,False,False,False,False,True,False,True,False,False,0,0,0.14164522
0,12,1,1,0,1,0,0,0,81.7,858.6,3,6.2846153846153845,True,False,False,False,False,True,False,False,False,False,False,False,False,False,False,False,1,0,0.029613262
1,17,1,0,0,0,0,1,1,92.55,1614.7,3,5.141666666666667,False,True,False,False,True,True,False,False,False,True,False,True,False,True,False,False,0,1,0.59114903
0,48,1,0,0,0,0,0,0,20.65,1057.0,1,0.4214285714285714,False,True,True,False,False,False,True,False,True,False,False,False,False,False,True,False,0,0,0.0019147568
0,53,1,0,0,0,0,0,0,24.05,1301.9,1,0.44537037037037036,True,False,False,False,True,False,True,True,False,False,False,False,False,False,False,True,0,0,0.10540041
0,3,1,1,0,0,1,0,1,64.5,177.4,4,16.125,False,False,True,False,False,False,False,False,False,True,False,False,False,False,False,False,0,0,0.16644084
0,11,1,0,0,0,0,1,1,94.0,1078.9,3,7.833333333333333,False,True,False,False,True,True,False,False,False,True,False,True,False,False,False,False,1,1,0.9273054
0,1,1,0,0,0,0,0,0,19.95,19.95,1,9.975,True,False,False,False,False,False,True,False,False,False,False,False,True,False,False,False,0,1,0.8341565
1,72,1,0,1,1,1,1,1,111.65,8022.85,6,1.5294520547945207,True,True,False,False,True,True,False,False,True,True,False,False,False,False,False,True,0,0,0.017620007
0,13,1,0,0,0,0,0,0,20.4,261.3,1,1.457142857142857,False,False,False,False,False,False,True,False,True,True,False,False,True,True,False,False,0,0,0.0019909856
0,15,1,0,0,1,1,1,1,103.45,1539.8,5,6.465625,True,True,False,False,True,True,False,False,False,True,False,True,False,True,False,False,0,1,0.7369349
1,8,1,0,0,1,0,1,1,101.35,780.5,4,11.261111111111111,False,False,False,False,True,True,False,False,False,False,False,True,False,False,False,False,1,1,0.6550161
1,15,1,0,1,0,0,0,0,75.3,1147.45,2,4.70625,False,False,False,False,False,True,False,False,False,True,True,False,False,True,False,False,1,1,0.7729596
0,37,1,0,0,0,1,1,1,98.8,3475.55,4,2.6,True,False,False,False,True,True,False,False,False,False,False,False,False,False,True,False,1,0,0.119063765
0,2,1,0,0,0,0,0,0,18.75,53.15,1,6.25,False,False,False,False,False,False,True,False,False,False,False,False,False,False,False,False,0,0,0.009569337
0,63,1,0,1,1,0,1,1,104.75,6536.5,5,1.63671875,True,False,False,False,True,True,False,False,True,True,False,False,False,False,False,True,0,0,0.11889846
0,3,0,0,0,0,1,0,0,31.0,95.05,1,7.75,False,True,True,True,False,False,False,False,False,True,False,False,True,False,False,False,1,0,0.12477339
0,15,1,0,1,1,0,1,1,101.25,1457.25,5,6.328125,False,False,False,False,False,True,False,False,False,True,False,True,False,True,False,False,1,0,0.23275124
0,23,1,1,1,1,1,0,0,66.25,1533.8,5,2.7604166666666665,False,True,True,False,False,False,False,True,False,True,False,False,True,True,False,False,0,0,0.18500432
0,46,0,1,1,0,0,0,0,35.05,1620.25,2,0.7457446808510638,False,True,True,True,False,False,False,False,False,False,False,False,False,False,True,False,0,0,0.07013233
0,10,1,0,0,0,0,0,0,20.0,185.4,1,1.8181818181818181,True,False,False,False,False,False,True,False,False,False,False,True,False,False,False,False,0,0,0.1478304
1,54,1,0,0,1,1,0,1,65.25,3529.95,4,1.1863636363636363,True,False,False,False,False,False,False,True,False,False,False,False,False,False,False,True,0,0,0.03521307
0,3,0,0,0,0,1,0,0,29.75,96.85,1,7.4375,True,False,False,True,False,False,False,False,False,True,False,True,False,False,False,False,0,1,0.66426677
0,21,1,0,1,0,0,0,0,82.35,1852.85,2,3.7431818181818177,True,False,False,False,True,True,False,False,False,True,False,True,False,True,False,False,1,1,0.77482224
0,17,1,0,0,0,1,0,0,51.5,900.5,2,2.861111111111111,True,False,False,False,False,False,False,False,False,False,False,False,True,True,False,False,1,0,0.049135245
0,5,1,1,0,1,0,0,0,55.8,274.35,3,9.299999999999999,True,False,False,False,False,False,False,False,False,True,False,False,True,False,False,False,0,0,0.1327273
0,32,1,0,1,0,0,1,0,86.1,2723.75,3,2.609090909090909,False,True,True,False,False,True,False,False,False,True,False,True,False,False,True,False,0,0,0.37686515
0,39,1,0,0,0,1,0,0,53.85,2200.7,2,1.34625,True,False,False,False,True,False,False,False,True,True,True,False,False,False,True,False,0,0,0.037801597
0,52,1,0,1,0,1,1,1,102.7,5138.1,5,1.937735849056604,False,True,False,False,True,True,False,False,False,True,True,False,False,False,False,True,0,0,0.28617963
0,1,1,0,0,0,0,0,0,71.35,71.35,1,35.675,True,False,False,False,False,True,False,False,False,True,False,False,True,False,False,False,1,1,0.8824671
0,70,0,1,0,1,1,1,1,59.5,4144.8,5,0.8380281690140845,True,True,True,True,False,False,False,False,True,False,False,False,False,False,False,True,0,0,0.008253627
0,15,1,1,0,0,0,1,0,87.75,1242.2,3,5.484375,True,False,False,False,True,True,False,False,False,True,False,False,False,True,False,False,0,1,0.5603052
1,14,1,0,0,0,0,1,1,95.8,1346.3,3,6.386666666666667,False,True,True,False,True,True,False,False,False,True,False,True,False,True,False,False,0,1,0.7910421
1,63,1,1,1,1,0,1,1,108.5,6991.9,6,1.6953125,True,True,False,False,True,True,False,False,True,False,True,False,False,False,False,True,0,0,0.103827104
0,55,1,0,0,0,0,0,0,21.0,1210.3,1,0.375,False,True,True,False,False,False,True,False,True,False,False,False,True,False,False,True,0,0,0.006267514
0,11,1,0,0,0,0,0,0,20.25,208.0,1,1.6875,True,False,False,False,False,False,True,False,False,False,False,False,True,False,False,False,0,0,0.07558109
0,42,1,0,0,0,0,0,0,20.25,835.5,1,0.47093023255813954,True,True,False,False,False,False,True,False,True,False,False,True,False,False,True,False,0,0,0.0034606333
0,3,1,0,0,0,0,0,0,20.85,60.65,1,5.2125,True,False,True,False,False,False,True,False,False,False,False,False,True,False,False,False,0,0,0.053179275
0,35,1,1,0,1,1,1,1,85.95,3110.1,6,2.3875,False,False,False,False,True,False,False,True,False,True,True,False,False,False,True,False,1,0,0.059119236
0,35,1,0,0,0,0,1,0,83.15,2848.45,2,2.3097222222222222,True,False,False,False,True,True,False,False,False,False,False,True,False,False,True,False,0,1,0.5021796
0,18,1,0,0,1,0,0,0,80.55,1406.65,2,4.239473684210526,True,False,True,False,True,True,False,False,False,True,True,False,False,True,False,False,0,0,0.4107169
0,56,1,0,0,0,0,1,1,88.9,4968.0,3,1.5596491228070177,False,True,True,False,False,True,False,True,False,False,False,False,False,False,False,True,0,0,0.03291203
0,35,1,0,0,0,0,1,0,55.0,2010.55,2,1.5277777777777777,True,False,False,False,False,False,False,False,False,False,False,False,True,False,True,False,1,0,0.019508265
1,8,1,0,0,0,1,1,1,100.15,908.55,4,11.127777777777778,False,False,False,False,True,True,False,False,False,True,True,False,False,False,False,False,0,1,0.9891412
0,12,1,0,0,0,0,0,1,86.55,1066.9,2,6.657692307692307,False,False,False,False,True,True,False,False,False,True,False,True,False,False,False,False,0,1,0.8977271
0,4,1,0,0,0,0,0,0,25.25,101.9,1,5.05,True,False,False,False,True,False,True,False,False,False,False,False,True,False,False,False,0,0,0.074683525
0,53,1,1,1,1,0,0,0,90.8,4921.2,4,1.6814814814814814,False,False,False,False,True,True,False,False,False,False,False,True,False,False,False,True,0,0,0.23422927
0,2,0,0,1,0,0,1,1,51.4,96.8,3,17.133333333333333,False,False,False,True,False,False,False,False,False,False,False,True,False,False,False,False,0,1,0.78204405
0,70,1,1,1,1,1,1,1,114.3,8244.3,7,1.6098591549295773,True,True,False,False,True,True,False,False,True,False,True,False,False,False,False,True,0,0,0.21066438
0,16,1,1,0,0,0,0,0,50.15,762.25,2,2.9499999999999997,False,False,False,False,False,False,False,False,False,True,False,True,False,True,False,False,1,0,0.040442105
0,15,1,0,0,1,0,0,1,59.45,892.65,3,3.715625,False,False,False,False,False,False,False,False,False,True,False,True,False,True,False,False,1,0,0.3325726
0,64,1,1,1,0,1,1,1,104.05,6605.55,6,1.6007692307692307,True,True,False,False,False,True,False,False,True,True,True,False,False,False,False,True,0,0,0.011919963
0,54,1,0,0,0,0,0,0,20.4,1090.6,1,0.3709090909090909,True,True,True,False,False,False,True,False,True,False,True,False,False,False,False,True,0,0,0.00844891
0,5,1,0,0,1,0,1,1,100.5,514.0,4,16.75,False,False,False,False,True,True,False,False,False,True,False,True,False,False,False,False,1,1,0.9520821
0,1,1,0,0,0,0,0,0,50.1,50.1,1,25.05,False,False,False,False,True,False,False,False,False,True,False,False,True,False,False,False,1,1,0.68640023
0,22,1,0,1,0,1,0,0,55.15,1206.05,3,2.3978260869565218,False,True,True,False,False,False,False,False,False,False,False,True,False,True,False,False,1,0,0.093818724
0,1,1,0,0,0,0,0,0,20.15,20.15,1,10.075,True,True,True,False,False,False,True,False,False,True,False,False,False,False,False,False,0,0,0.49655685
0,70,1,0,0,0,0,0,0,26.0,2006.95,1,0.36619718309859156,False,True,False,False,True,False,True,False,True,True,False,False,False,False,False,True,0,0,0.000327663
0,40,1,0,1,0,0,0,0,74.8,2971.7,2,1.8243902439024389,False,False,False,False,False,True,False,False,False,False,True,False,False,False,True,False,0,0,0.376139
1,72,1,0,0,0,0,0,0,24.3,1778.7,1,0.33287671232876714,False,True,False,False,True,False,True,False,True,False,False,False,False,False,False,True,0,0,0.00054558105
1,26,1,0,0,0,0,1,1,93.6,2404.1,3,3.4666666666666663,True,False,False,False,True,True,False,False,False,True,False,True,False,False,True,False,0,1,0.91838616
0,13,1,0,1,1,1,0,0,61.8,750.1,4,4.414285714285714,True,True,True,False,False,False,False,False,False,False,False,False,False,True,False,False,0,0,0.020155048
0,12,1,0,0,0,0,1,0,84.05,966.55,2,6.4653846153846155,False,False,True,False,True,True,False,False,False,True,False,True,False,False,False,False,0,1,0.62135303
0,1,0,0,0,0,0,0,0,25.3,25.3,0,12.65,True,False,True,True,False,False,False,False,False,True,False,True,False,False,False,False,1,1,0.66823256
0,72,0,0,1,0,1,1,1,53.65,3784.0,4,0.7349315068493151,False,True,True,True,False,False,False,False,True,False,True,False,False,False,False,True,0,0,0.008446637
1,7,1,0,0,0,0,0,0,75.4,533.05,1,9.425,True,True,False,False,True,True,False,False,False,True,False,True,False,False,False,False,0,1,0.84301543
0,22,1,0,1,0,0,1,1,100.65,2415.95,4,4.376086956521739,True,False,False,False,True,True,False,False,False,True,False,True,False,True,False,False,0,1,0.72378886
0,67,1,1,1,1,0,1,1,81.35,5398.6,6,1.1963235294117647,True,True,True,False,False,False,False,False,True,False,True,False,False,False,False,True,0,0,0.04669565
0,13,1,0,0,0,1,1,1,99.0,1301.7,4,7.071428571428571,True,False,False,False,True,True,False,False,False,True,False,False,True,True,False,False,1,1,0.87881523
1,2,1,0,0,0,0,0,0,70.1,141.65,1,23.366666666666664,True,True,False,False,False,True,False,False,False,False,False,True,False,False,False,False,0,1,0.53240705
1,65,1,1,0,1,1,1,1,109.05,7108.2,6,1.6522727272727273,True,False,False,False,True,True,False,False,True,True,False,True,False,False,False,True,0,0,0.16777553
0,70,1,0,1,1,1,1,1,84.1,5979.7,6,1.184507042253521,True,True,True,False,True,False,False,False,True,True,False,True,False,False,False,True,0,0,0.007159914
0,70,0,1,0,1,1,0,1,48.4,3442.8,4,0.6816901408450704,True,False,False,True,False,False,False,False,True,False,False,False,False,False,False,True,0,0,0.0447833
1,41,0,0,1,1,0,1,1,53.95,2215.4,4,1.2845238095238096,True,True,False,True,False,False,False,False,False,True,False,True,False,False,True,False,0,1,0.7721171
0,49,1,0,0,0,0,0,0,75.2,3678.3,1,1.504,True,False,True,False,True,True,False,False,False,False,True,False,False,False,False,True,1,0,0.053814694
0,10,1,0,1,1,0,0,0,55.55,551.3,3,5.05,False,True,True,False,False,False,False,False,False,True,False,False,True,False,False,False,0,0,0.14718331
0,62,1,1,1,1,1,1,1,86.1,5215.25,7,1.3666666666666665,True,True,True,False,False,False,False,False,True,False,False,True,False,False,False,True,0,0,0.0022551152
0,4,1,1,0,0,0,1,0,90.65,367.95,3,18.130000000000003,True,False,False,False,True,True,False,False,False,False,False,True,False,False,False,False,0,1,0.8196006
0,9,1,1,0,0,0,0,1,88.05,801.3,3,8.805,True,True,False,False,True,True,False,False,False,True,False,True,False,False,False,False,0,1,0.64339805
0,67,1,0,1,1,1,1,1,111.3,7567.2,6,1.636764705882353,True,True,False,False,True,True,False,False,True,True,False,False,False,False,False,True,0,1,0.7059417
0,50,0,1,0,0,1,0,0,35.4,1748.9,2,0.6941176470588235,True,False,False,True,False,False,False,True,False,True,False,False,True,False,False,True,0,0,0.0024077971
0,70,1,0,0,0,0,0,0,25.4,1782.05,1,0.3577464788732394,True,True,True,False,True,False,True,False,True,False,False,False,True,False,False,True,0,0,0.00021025844
0,37,0,0,0,0,0,1,0,35.8,1316.9,1,0.9421052631578947,True,False,False,True,False,False,False,False,True,False,True,False,False,False,True,False,0,0,0.047466237
0,72,1,0,1,1,0,1,1,104.8,7470.1,5,1.4356164383561643,True,True,False,False,True,True,False,False,True,True,False,False,False,False,False,True,0,0,0.031747416
0,17,1,0,0,1,0,1,0,88.25,1460.65,3,4.902777777777778,False,True,True,False,True,True,False,False,False,False,False,True,False,True,False,False,1,0,0.48572418
0,17,1,1,1,1,1,1,0,106.65,1672.1,6,5.925000000000001,True,False,False,False,True,True,False,False,False,True,False,False,False,True,False,False,0,0,0.05344444
0,35,1,1,1,1,1,1,1,113.2,3914.05,7,3.1444444444444444,False,False,False,False,True,True,False,False,True,True,False,False,True,False,True,False,0,0,0.18487848
0,40,1,1,1,0,1,1,1,110.1,4469.1,6,2.6853658536585363,True,True,True,False,True,True,False,False,False,True,True,False,False,False,True,False,0,0,0.31064945
0,19,1,0,0,1,1,0,0,55.0,1046.5,3,2.75,True,False,False,False,False,False,False,False,False,True,True,False,False,True,False,False,1,0,0.08130015
1,45,1,0,0,1,0,0,1,86.1,3861.45,3,1.8717391304347826,False,True,False,False,False,True,False,False,False,True,False,True,False,False,True,False,0,0,0.3163739
0,63,1,0,0,0,0,0,0,19.25,1237.65,1,0.30078125,True,True,False,False,False,False,True,False,True,False,False,False,True,False,False,True,0,0,0.013697489
0,62,1,0,1,0,1,1,1,106.05,6703.5,5,1.6833333333333333,False,True,True,False,True,True,False,True,False,True,True,False,False,False,False,True,0,0,0.030985212
0,55,1,0,0,0,0,0,1,85.5,4713.4,2,1.5267857142857142,True,True,True,False,True,True,False,False,False,False,False,False,False,False,False,True,0,0,0.38032767
0,15,1,1,0,0,0,0,0,55.7,899.8,2,3.48125,False,False,False,False,True,False,False,False,False,True,False,False,True,True,False,False,1,0,0.25780058
0,26,0,1,1,0,0,0,1,44.65,1156.55,3,1.6537037037037037,True,False,False,True,False,False,False,False,False,True,False,False,False,False,True,False,0,0,0.13098639
0,15,1,0,0,1,0,1,1,94.0,1505.45,4,5.875,False,False,False,False,False,True,False,False,False,True,True,False,False,True,False,False,0,1,0.53283143
0,72,1,1,1,1,1,1,1,116.8,8456.75,7,1.5999999999999999,False,True,True,False,True,True,False,False,True,True,True,False,False,False,False,True,0,0,0.009721653
0,1,1,0,0,0,1,0,0,49.9,49.9,2,24.95,False,False,False,False,False,False,False,False,False,True,False,True,False,False,False,False,0,1,0.611648
0,23,1,0,0,1,1,1,0,96.9,2085.45,4,4.0375000000000005,True,False,False,False,True,True,False,False,False,True,True,False,False,True,False,False,0,0,0.1485516
0,70,1,1,1,1,1,0,0,64.95,4523.25,5,0.9147887323943662,True,True,False,False,False,False,False,False,True,False,True,False,False,False,False,True,0,0,0.0033050256
0,9,1,0,0,0,0,0,0,19.5,150.35,1,1.95,False,False,False,False,False,False,True,False,False,False,False,False,False,False,False,False,0,0,0.061696023
0,1,1,1,0,0,0,0,0,48.45,48.45,2,24.225,False,False,False,False,False,False,False,False,False,True,False,False,False,False,False,False,0,1,0.76066023
0,21,1,0,0,0,0,0,0,75.3,1570.7,1,3.4227272727272724,True,False,False,False,True,True,False,False,False,False,False,False,True,True,False,False,0,0,0.34257212
1,46,1,0,0,1,1,0,1,69.1,3255.35,4,1.4702127659574467,False,False,False,False,True,False,False,True,False,True,True,False,False,False,True,False,0,0,0.18009345
0,2,1,0,0,0,0,0,0,74.9,147.15,1,24.96666666666667,False,False,False,False,True,True,False,False,False,False,True,False,False,False,False,False,1,1,0.74265915
0,53,1,0,0,1,0,0,1,60.6,3297.0,3,1.1222222222222222,False,True,True,False,False,False,False,True,False,False,True,False,False,False,False,True,0,0,0.0265134
0,4,1,0,0,0,0,0,0,19.85,63.0,1,3.97,True,False,False,False,False,False,True,False,False,True,False,True,False,False,False,False,0,0,0.3512932
0,15,1,0,0,0,0,0,0,20.35,335.95,1,1.271875,False,True,True,False,False,False,True,True,False,False,True,False,False,True,False,False,0,0,0.119737156
0,23,1,1,0,0,0,1,0,90.05,2169.8,3,3.752083333333333,False,False,False,False,True,True,False,False,False,True,False,False,False,True,False,False,1,1,0.5958124
0,28,1,0,1,0,0,1,1,100.2,2688.45,4,3.4551724137931035,True,False,False,False,True,True,False,True,False,False,False,True,False,False,True,False,0,1,0.6020211
0,49,0,1,0,0,1,0,0,35.8,1782.0,2,0.716,False,True,True,True,False,False,False,True,False,True,True,False,False,False,False,True,0,0,0.0042840363
0,57,1,0,0,0,0,0,0,20.65,1125.6,1,0.35603448275862065,True,False,False,False,False,False,True,False,True,False,False,False,False,False,False,True,0,0,0.02068587
1,1,1,0,0,0,0,0,0,74.2,74.2,1,37.1,False,False,False,False,True,True,False,False,False,True,False,True,False,False,False,False,1,1,0.9476883
0,68,1,1,0,1,0,0,0,80.35,5375.15,3,1.1644927536231884,True,True,True,False,False,True,False,False,True,False,True,False,False,False,False,True,0,0,0.029718671
1,72,1,0,1,0,0,1,1,97.25,7133.1,4,1.332191780821918,True,True,False,False,True,True,False,True,False,True,True,False,False,False,False,True,0,0,0.0980334
0,54,1,0,0,0,0,0,0,20.0,1149.65,1,0.36363636363636365,True,False,False,False,False,False,True,False,True,False,False,False,True,False,False,True,0,0,0.023802666
0,7,1,0,0,0,0,0,0,19.4,168.65,1,2.425,True,False,False,False,False,False,True,False,False,True,False,False,True,False,False,False,0,0,0.23498438
0,70,1,1,1,1,1,1,0,79.7,5743.3,6,1.1225352112676057,False,True,True,False,True,False,False,False,True,False,False,False,False,False,False,True,0,0,0.005529364
0,36,1,0,0,1,0,0,0,55.8,1941.5,2,1.508108108108108,False,False,False,False,True,False,False,True,False,False,False,True,False,False,True,False,0,0,0.006219716
0,51,1,1,1,0,1,1,1,110.05,5686.4,6,2.1163461538461537,True,True,True,False,True,True,False,True,False,False,True,False,False,False,False,True,0,0,0.34626028
1,19,0,0,1,1,0,0,0,34.3,577.15,2,1.7149999999999999,True,True,False,True,False,False,False,False,False,True,True,False,False,True,False,False,0,1,0.5497485
0,30,1,1,0,0,0,1,1,100.4,2936.25,4,3.238709677419355,True,False,False,False,True,True,False,False,False,True,False,False,False,False,True,False,0,1,0.7375068
0,21,1,0,1,0,0,0,0,74.05,1565.7,2,3.3659090909090907,False,True,True,False,False,True,False,False,False,True,False,False,False,True,False,False,1,0,0.4069691
1,9,1,0,0,0,0,0,0,19.85,183.15,1,1.985,True,True,False,False,False,False,True,True,False,False,True,False,False,False,False,False,0,0,0.09244391
0,51,1,1,1,1,0,1,0,93.5,4619.55,5,1.7980769230769231,False,True,False,False,False,True,False,True,False,True,False,True,False,False,False,True,0,0,0.29294357
0,1,1,0,0,0,0,0,0,20.25,20.25,1,10.125,True,False,True,False,False,False,True,False,False,True,False,False,True,False,False,False,0,1,0.6282333
0,5,1,0,0,0,0,0,0,69.7,316.9,1,11.616666666666667,True,False,False,False,False,True,False,False,False,True,False,True,False,False,False,False,1,1,0.8262708
1,43,1,0,1,1,0,1,1,100.55,4304.0,5,2.2852272727272727,True,True,False,False,False,True,False,True,False,True,False,False,False,False,True,False,0,0,0.32812977
0,22,1,0,0,0,0,0,0,20.55,469.85,1,0.8934782608695653,False,False,True,False,False,False,True,False,False,True,False,True,False,True,False,False,0,0,0.08000141
0,68,1,1,1,1,1,1,1,113.15,7856.0,7,1.6398550724637682,True,True,True,False,True,True,False,False,True,True,False,True,False,False,False,True,1,0,0.42233998
0,65,1,0,0,0,0,0,0,25.3,1748.55,1,0.38333333333333336,False,True,True,False,True,False,True,False,True,True,False,False,False,False,False,True,0,0,0.0005858777
0,5,0,0,1,0,0,0,0,30.5,167.2,1,5.083333333333333,False,True,True,True,False,False,False,False,False,True,False,True,False,False,False,False,0,0,0.2832882
0,72,0,1,1,1,1,1,1,63.7,4464.8,6,0.8726027397260274,True,False,False,True,False,False,False,False,True,True,False,False,False,False,False,True,0,0,0.0005413569
0,72,1,1,1,1,0,1,0,100.65,7334.05,5,1.3787671232876713,False,True,False,False,True,True,False,False,True,False,False,False,False,False,False,True,0,0,0.0018768269
0,42,1,0,0,0,0,0,0,19.55,839.4,1,0.45465116279069767,True,False,False,False,False,False,True,True,False,True,False,False,True,False,True,False,0,0,0.017555553
0,19,1,0,0,0,0,1,0,86.85,1564.4,2,4.342499999999999,False,True,False,False,True,True,False,False,False,True,False,True,False,True,False,False,0,1,0.9712758
0,2,1,0,0,0,0,0,0,19.75,39.3,1,6.583333333333333,True,False,False,False,False,False,True,False,False,False,False,False,True,False,False,False,0,0,0.16419198
